date,GLD,SLV
2010-01-04,109.8,17.23
2010-01-05,109.7,17.51
2010-01-06,111.51,17.86
2010-01-07,110.82,17.889999
2010-01-08,111.37,18.15
2010-01-11,112.85,18.209999
2010-01-12,110.49,17.91
2010-01-13,111.54,18.27
2010-01-14,112.03,18.309999
2010-01-15,110.86,18.049999
2010-01-19,111.52,18.45
2010-01-20,108.94,17.57
2010-01-21,107.37,17.07
2010-01-22,107.17,16.78
2010-01-25,107.48,16.83
2010-01-26,107.56,16.43
2010-01-27,106.528,16.26
2010-01-28,106.48,15.92
2010-01-29,105.96,15.9
2010-02-01,108.35,16.36
2010-02-02,109.13,16.35
2010-02-03,108.7,16.07
2010-02-04,104.37,15.04
2010-02-05,104.68,14.9
2010-02-08,104.04,14.75
2010-02-09,105.41,15.12
2010-02-10,105.12,14.95
2010-02-11,107.13,15.37
2010-02-12,107.04,15.24
2010-02-16,109.62,15.82
2010-02-17,109.25,15.74
2010-02-18,109.98,15.88
2010-02-19,109.47,15.97
2010-02-22,109.07,15.9
2010-02-23,107.89,15.57
2010-02-24,107.36,15.62
2010-02-25,108.31,15.77
2010-02-26,109.43,16.07
2010-03-01,109.43,16.11
2010-03-02,111.02,16.559999
2010-03-03,111.63,16.82
2010-03-04,110.83,16.79
2010-03-05,110.81,17.01
2010-03-08,109.88,16.889999
2010-03-09,109.718,16.92
2010-03-10,108.47,16.66
2010-03-11,108.6,16.809999
2010-03-12,107.95,16.76
2010-03-15,108.36,16.74
2010-03-16,110.4,17.049999
2010-03-17,109.59,17.08
2010-03-18,110.34,17.08
2010-03-19,108.28,16.65
2010-03-22,107.75,16.6
2010-03-23,108.32,16.719999
2010-03-24,106.3,16.29
2010-03-25,106.78,16.32
2010-03-26,108.59,16.61
2010-03-29,108.75,17.04
2010-03-30,107.97,16.95
2010-03-31,108.95,17.139999
2010-04-01,110.26,17.54
2010-04-05,110.89,17.75
2010-04-06,111.03,17.61
2010-04-07,112.49,17.77
2010-04-08,112.65,17.719999
2010-04-09,113.64,18.01
2010-04-12,113.01,17.799999
2010-04-13,112.69,17.84
2010-04-14,113.03,18.07
2010-04-15,113.65,18.07
2010-04-16,111.24,17.41
2010-04-19,111.15,17.379999
2010-04-20,111.46,17.48
2010-04-21,112.31,17.77
2010-04-22,111.84,17.639999
2010-04-23,113.19,17.91
2010-04-26,112.75,17.93
2010-04-27,114.63,17.879999
2010-04-28,114.31,17.75
2010-04-29,114.28,18.139999
2010-04-30,115.36,18.26
2010-05-03,115.73,18.42
2010-05-04,114.87,17.59
2010-05-05,115.09,17.11
2010-05-06,118.486,17.32
2010-05-07,118.27,18.0
2010-05-10,117.57,18.11
2010-05-11,120.656,18.95
2010-05-12,121.4,19.12
2010-05-13,120.56,18.99
2010-05-14,120.37,18.93
2010-05-17,119.36,18.53
2010-05-18,119.49,18.57
2010-05-19,116.63,17.87
2010-05-20,115.84,17.35
2010-05-21,115.22,17.29
2010-05-24,116.84,17.559999
2010-05-25,117.36,17.54
2010-05-26,118.47,17.74
2010-05-27,118.69,18.12
2010-05-28,118.88,18.03
2010-06-01,119.91,18.02
2010-06-02,119.78,17.978
2010-06-03,117.96,17.639999
2010-06-04,119.19,17.049999
2010-06-07,121.49,17.809999
2010-06-08,121.0,17.889999
2010-06-09,120.56,17.76
2010-06-10,118.97,17.86
2010-06-11,120.01,17.85
2010-06-14,119.6,17.86
2010-06-15,120.99,18.19
2010-06-16,120.33,18.08
2010-06-17,121.9,18.33
2010-06-18,122.83,18.75
2010-06-21,120.39,18.33
2010-06-22,121.45,18.42
2010-06-23,120.95,18.18
2010-06-24,121.3,18.26
2010-06-25,122.76,18.67
2010-06-28,121.09,18.379999
2010-06-29,121.27,18.129999
2010-06-30,121.68,18.209999
2010-07-01,117.04,17.44
2010-07-02,118.49,17.459999
2010-07-06,116.51,17.4
2010-07-07,117.73,17.65
2010-07-08,117.21,17.61
2010-07-09,118.36,17.73
2010-07-12,117.34,17.62
2010-07-13,118.36,17.82
2010-07-14,118.3,17.959999
2010-07-15,118.23,17.95
2010-07-16,116.67,17.49
2010-07-19,115.73,17.27
2010-07-20,116.65,17.33
2010-07-21,115.85,17.309999
2010-07-22,116.86,17.709999
2010-07-23,116.09,17.719999
2010-07-26,115.52,17.78
2010-07-27,113.51,17.299999
2010-07-28,113.78,17.16
2010-07-29,114.288,17.24
2010-07-30,115.49,17.58
2010-08-02,115.54,17.959999
2010-08-03,115.99,18.02
2010-08-04,116.72,17.93
2010-08-05,116.98,17.959999
2010-08-06,117.84,18.07
2010-08-09,117.4,17.959999
2010-08-10,117.73,17.969999
2010-08-11,117.34,17.53
2010-08-12,118.77,17.69
2010-08-13,118.74,17.74
2010-08-16,119.73,18.0
2010-08-17,119.75,18.12
2010-08-18,120.22,18.02
2010-08-19,120.39,17.92
2010-08-20,119.97,17.59
2010-08-23,119.78,17.61
2010-08-24,120.36,17.99
2010-08-25,121.36,18.54
2010-08-26,120.96,18.59
2010-08-27,121.01,18.7
2010-08-30,120.91,18.629999
2010-08-31,122.08,18.93
2010-09-01,121.69,18.959999
2010-09-02,122.29,19.28
2010-09-03,121.86,19.42
2010-09-07,122.7,19.36
2010-09-08,122.71,19.5
2010-09-09,121.56,19.32
2010-09-10,121.73,19.42
2010-09-13,121.62,19.54
2010-09-14,124.02,20.049999
2010-09-15,123.94,20.17
2010-09-16,124.63,20.35
2010-09-17,124.54,20.29
2010-09-20,124.87,20.29
2010-09-21,126.01,20.59
2010-09-22,126.2,20.709999
2010-09-23,126.3,20.66
2010-09-24,126.69,21.01
2010-09-27,126.72,20.99
2010-09-28,127.85,21.29
2010-09-29,127.95,21.4
2010-09-30,127.91,21.309999
2010-10-01,128.91,21.65
2010-10-04,128.46,21.51
2010-10-05,130.99,22.34
2010-10-06,131.81,22.69
2010-10-07,130.37,22.02
2010-10-08,131.66,22.73
2010-10-11,132.29,22.78
2010-10-12,131.96,22.84
2010-10-13,134.07,23.49
2010-10-14,134.75,24.028
2010-10-15,133.68,23.75
2010-10-18,134.28,23.959999
2010-10-19,130.11,22.84
2010-10-20,131.32,23.33
2010-10-21,129.47,22.59
2010-10-22,129.73,22.76
2010-10-25,130.85,23.1
2010-10-26,130.88,23.28
2010-10-27,129.52,23.068
2010-10-28,131.24,23.43
2010-10-29,132.62,24.17
2010-11-01,131.92,24.07
2010-11-02,132.49,24.309999
2010-11-03,131.57,24.249
2010-11-04,136.03,25.629999
2010-11-05,136.38,26.2
2010-11-08,137.78,27.15
2010-11-09,135.59,26.18
2010-11-10,137.24,26.719999
2010-11-11,137.66,27.11
2010-11-12,133.69,25.518
2010-11-15,132.42,24.93
2010-11-16,130.968,24.93
2010-11-17,130.38,25.0
2010-11-18,132.088,26.35
2010-11-19,132.2,26.74
2010-11-22,133.48,27.17
2010-11-23,134.41,26.865
2010-11-24,134.18,26.94
2010-11-26,133.11,26.129999
2010-11-29,133.508,26.549999
2010-11-30,135.42,27.44
2010-12-01,135.38,27.809999
2010-12-02,135.2,27.93
2010-12-03,138.07,28.5975
2010-12-06,139.11,29.51
2010-12-07,136.5,28.08
2010-12-08,134.79,27.7
2010-12-09,135.37,28.03
2010-12-10,135.408,27.98
2010-12-13,136.05,28.87
2010-12-14,136.18,28.809999
2010-12-15,134.7,28.08
2010-12-16,133.81,28.28
2010-12-17,134.2,28.5075
2010-12-20,135.11,28.709999
2010-12-21,135.32,28.639999
2010-12-22,135.05,28.57
2010-12-23,134.66,28.61
2010-12-27,135.02,28.59
2010-12-28,137.22,29.53
2010-12-29,137.71,29.87
2010-12-30,137.03,29.76
2010-12-31,138.72,30.18
2011-01-03,138.0,29.98
2011-01-04,134.75,29.08
2011-01-05,134.37,28.61
2011-01-06,133.83,28.42
2011-01-07,133.58,28.1
2011-01-10,134.12,28.29
2011-01-11,134.91,28.889999
2011-01-12,135.46,29.0
2011-01-13,134.05,28.0
2011-01-14,132.69,27.74
2011-01-18,133.43,28.15
2011-01-19,133.72,28.08
2011-01-20,131.2,26.85
2011-01-21,131.03,26.83
2011-01-24,130.36,26.36
2011-01-25,130.1,26.23
2011-01-26,131.16,26.889999
2011-01-27,127.925,26.29
2011-01-28,130.28,27.299999
2011-01-31,129.87,27.389999
2011-02-01,130.8,27.87
2011-02-02,130.45,27.69
2011-02-03,132.2,28.285
2011-02-04,131.66,28.4
2011-02-07,131.68,28.66
2011-02-08,133.14,29.639999
2011-02-09,133.07,29.518
2011-02-10,132.85,29.459999
2011-02-11,132.32,29.209999
2011-02-14,132.95,29.959999
2011-02-15,133.97,30.0
2011-02-16,134.1,29.959999
2011-02-17,135.04,31.03
2011-02-18,135.41,31.7875
2011-02-22,136.29,32.259998
2011-02-23,137.51,32.709999
2011-02-24,136.48,31.195
2011-02-25,137.38,32.56
2011-02-28,137.66,33.11
2011-03-01,140.03,33.869999
2011-03-02,139.917,33.84
2011-03-03,138.09,33.415
2011-03-04,139.35,34.689999
2011-03-07,139.72,35.23
2011-03-08,139.36,35.18
2011-03-09,139.41,35.27
2011-03-10,137.77,34.36
2011-03-11,138.22,35.029
2011-03-14,138.86,35.009998
2011-03-15,136.27,33.61
2011-03-16,136.24,33.369999
2011-03-17,136.97,33.509998
2011-03-18,138.37,34.27
2011-03-21,139.14,35.299999
2011-03-22,139.05,35.5375
2011-03-23,140.34,36.47
2011-03-24,139.22,36.119999
2011-03-25,139.26,36.389999
2011-03-28,138.54,36.189999
2011-03-29,138.21,36.169998
2011-03-30,138.67,36.529999
2011-03-31,139.86,36.77
2011-04-01,139.2,36.86
2011-04-04,139.84,37.58
2011-04-05,142.05,38.34
2011-04-06,142.38,38.619999
2011-04-07,142.51,38.73
2011-04-08,143.66,39.86
2011-04-11,142.64,39.209999
2011-04-12,141.61,39.09
2011-04-13,141.9,39.57
2011-04-14,143.81,41.07
2011-04-15,145.05,41.84
2011-04-18,145.93,42.419
2011-04-19,145.93,43.0
2011-04-20,146.5,44.119999
2011-04-21,146.74,45.535
2011-04-25,146.87,45.83
2011-04-26,146.38,44.029999
2011-04-27,149.2,47.0
2011-04-28,149.82,47.259998
2011-04-29,152.37,46.88
2011-05-02,150.41,42.83
2011-05-03,149.88,40.58
2011-05-04,147.73,38.27
2011-05-05,143.47,33.720001
2011-05-06,145.3,34.48
2011-05-09,147.38,36.98
2011-05-10,147.9,37.52
2011-05-11,146.54,34.389999
2011-05-12,146.59,33.32
2011-05-13,145.63,34.389999
2011-05-16,145.37,32.849998
2011-05-17,144.74,33.09
2011-05-18,145.6,34.23
2011-05-19,145.65,34.259998
2011-05-20,147.49,34.18
2011-05-23,147.83,34.27
2011-05-24,148.59,35.77
2011-05-25,148.58,36.919998
2011-05-26,148.22,36.509998
2011-05-27,149.7,37.029999
2011-05-31,149.64,37.599998
2011-06-01,149.91,35.75
2011-06-02,149.5,35.29
2011-06-03,150.22,35.34
2011-06-06,150.48,35.709999
2011-06-07,150.42,36.119999
2011-06-08,149.81,36.029999
2011-06-09,150.56,36.669998
2011-06-10,149.24,35.25
2011-06-13,147.77,33.869999
2011-06-14,148.67,34.669998
2011-06-15,149.12,34.88
2011-06-16,148.97,34.65
2011-06-17,149.94,34.95
2011-06-20,150.03,35.09
2011-06-21,150.76,35.509998
2011-06-22,150.99,35.5
2011-06-23,148.339,34.369999
2011-06-24,146.26,33.36
2011-06-27,145.73,32.63
2011-06-28,146.24,33.0
2011-06-29,147.18,34.009998
2011-06-30,146.0,33.84
2011-07-01,144.93,33.0
2011-07-05,147.63,34.63
2011-07-06,148.91,35.099998
2011-07-07,149.15,35.5
2011-07-08,150.25,35.75
2011-07-11,151.59,34.9
2011-07-12,152.77,35.2
2011-07-13,154.14,37.23
2011-07-14,154.54,37.41
2011-07-15,155.2,38.24
2011-07-18,156.57,39.47
2011-07-19,154.66,38.009998
2011-07-20,156.02,39.119999
2011-07-21,154.83,38.31
2011-07-22,156.12,39.07
2011-07-25,157.34,39.31
2011-07-26,157.77,39.889999
2011-07-27,157.19,39.169998
2011-07-28,157.32,38.759998
2011-07-29,158.29,38.849998
2011-08-01,157.72,38.29
2011-08-02,161.52,39.82
2011-08-03,161.49,40.549999
2011-08-04,160.64,37.61
2011-08-05,161.75,37.32
2011-08-08,167.119,37.97
2011-08-09,168.61,36.32
2011-08-10,174.58,38.439999
2011-08-11,170.75,37.799999
2011-08-12,169.97,38.119999
2011-08-15,171.8,38.669998
2011-08-16,173.92,39.029999
2011-08-17,174.42,39.33
2011-08-18,177.72,39.66
2011-08-19,179.95,41.68
2011-08-22,184.59,42.63
2011-08-23,177.67,40.63
2011-08-24,171.646,38.83
2011-08-25,172.36,40.0
2011-08-26,177.47,40.41
2011-08-29,173.89,39.72
2011-08-30,179.1,40.4
2011-08-31,177.72,40.45
2011-09-01,177.87,40.52
2011-09-02,183.238,42.18
2011-09-06,182.9,41.049999
2011-09-07,177.08,40.529999
2011-09-08,181.81,41.22
2011-09-09,180.7,40.52
2011-09-12,176.67,39.139999
2011-09-13,178.54,39.869999
2011-09-14,177.21,39.599998
2011-09-15,174.4,38.79
2011-09-16,176.03,39.389999
2011-09-19,173.31,38.65
2011-09-20,175.78,38.83
2011-09-21,173.59,38.56
2011-09-22,169.05,34.919998
2011-09-23,159.8,29.98
2011-09-26,157.58,29.768
2011-09-27,160.63,31.17
2011-09-28,156.22,28.87
2011-09-29,157.7,29.959999
2011-09-30,158.06,28.91
2011-10-03,160.96,29.49
2011-10-04,157.64,29.09
2011-10-05,159.46,29.66
2011-10-06,160.49,31.2
2011-10-07,159.18,30.23
2011-10-10,163.266,31.258
2011-10-11,162.1,31.379999
2011-10-12,163.26,31.77
2011-10-13,162.3,30.94
2011-10-14,163.4,31.34
2011-10-17,162.62,31.04
2011-10-18,161.84,31.33
2011-10-19,159.87,30.23
2011-10-20,157.77,29.73
2011-10-21,159.52,30.48
2011-10-24,161.02,30.87
2011-10-25,165.59,32.43
2011-10-26,167.4,32.5
2011-10-27,169.55,34.099998
2011-10-28,169.62,34.27
2011-10-31,167.34,33.439999
2011-11-01,167.38,32.33
2011-11-02,169.06,33.25
2011-11-03,171.72,33.618
2011-11-04,170.85,33.2
2011-11-07,174.98,34.08
2011-11-08,173.53,34.0
2011-11-09,172.07,33.099998
2011-11-10,171.14,33.139999
2011-11-11,173.96,33.74
2011-11-14,173.2,33.33
2011-11-15,173.36,33.66
2011-11-16,171.51,32.82
2011-11-17,167.1,30.639999
2011-11-18,167.62,31.4
2011-11-21,163.5,30.76
2011-11-22,165.31,31.889999
2011-11-23,164.83,30.93
2011-11-25,163.4,30.2
2011-11-28,166.63,31.27
2011-11-29,166.88,31.03
2011-11-30,170.13,32.0
2011-12-01,169.63,31.858
2011-12-02,169.82,31.65
2011-12-05,167.32,31.049999
2011-12-06,168.18,31.93
2011-12-07,169.4,31.61
2011-12-08,165.976,30.698
2011-12-09,166.4,31.33
2011-12-12,161.99,30.49
2011-12-13,158.45,29.82
2011-12-14,152.89,28.07
2011-12-15,152.33,28.219999
2011-12-16,155.23,28.85
2011-12-19,154.87,27.959999
2011-12-20,156.98,28.77
2011-12-21,157.16,28.6
2011-12-22,156.04,28.36
2011-12-23,156.31,28.28
2011-12-27,154.91,27.87
2011-12-28,151.03,26.27
2011-12-29,150.34,27.068
2011-12-30,151.99,26.94
2012-01-03,155.92,28.83
2012-01-04,156.71,28.389999
2012-01-05,157.78,28.51
2012-01-06,157.2,27.91
2012-01-09,156.5,28.129999
2012-01-10,158.64,29.049999
2012-01-11,159.67,29.139999
2012-01-12,160.38,29.309999
2012-01-13,159.26,28.82
2012-01-17,160.5,29.19
2012-01-18,161.6,29.65
2012-01-19,161.22,29.74
2012-01-20,162.07,31.219999
2012-01-23,163.16,31.389999
2012-01-24,162.01,31.08
2012-01-25,166.42,32.369999
2012-01-26,167.27,32.43
2012-01-27,168.97,32.959999
2012-01-30,168.03,32.529999
2012-01-31,169.31,32.279999
2012-02-01,169.56,32.77
2012-02-02,171.05,33.36
2012-02-03,167.64,32.689999
2012-02-06,167.18,32.68
2012-02-07,169.7,33.259998
2012-02-08,168.5,33.04
2012-02-09,168.02,32.9
2012-02-10,167.14,32.509998
2012-02-13,167.51,32.75
2012-02-14,167.12,32.54
2012-02-15,168.108,32.45
2012-02-16,168.0,32.57
2012-02-17,167.35,32.278
2012-02-21,171.02,33.38
2012-02-22,172.94,33.439999
2012-02-23,173.02,34.4
2012-02-24,172.23,34.369999
2012-02-27,171.7,34.36
2012-02-28,173.49,35.83
2012-02-29,164.286,33.549999
2012-03-01,166.61,34.439999
2012-03-02,166.34,33.759998
2012-03-05,165.65,33.029999
2012-03-06,162.7,32.009998
2012-03-07,163.63,32.41
2012-03-08,165.28,32.849998
2012-03-09,166.3799,33.22
2012-03-12,165.07,32.63
2012-03-13,162.3,32.255
2012-03-14,159.57,31.265
2012-03-15,161.08,31.53
2012-03-16,161.3,31.59
2012-03-19,161.59,31.98
2012-03-20,160.13,31.15
2012-03-21,160.21,31.209999
2012-03-22,159.57,30.54
2012-03-23,161.53,31.24
2012-03-26,164.4,31.935
2012-03-27,163.24,31.585
2012-03-28,161.51,31.15
2012-03-29,161.28,31.35
2012-03-30,162.12,31.379999
2012-04-02,162.94,32.049999
2012-04-03,159.89,31.65
2012-04-04,157.21,30.325
2012-04-05,158.31,30.719999
2012-04-09,159.37,30.59
2012-04-10,161.1,30.79
2012-04-11,161.065,30.65
2012-04-12,162.7,31.42
2012-04-13,160.85,30.549999
2012-04-16,160.46,30.559999
2012-04-17,160.25,30.799999
2012-04-18,159.31,30.639999
2012-04-19,159.43,30.799999
2012-04-20,159.54,30.75
2012-04-23,159.07,29.969999
2012-04-24,159.3,29.93
2012-04-25,159.62,29.86
2012-04-26,161.03,30.18
2012-04-27,161.38,30.37
2012-04-30,161.88,30.11
2012-05-01,161.32,30.059999
2012-05-02,160.59,29.78
2012-05-03,158.97,29.29
2012-05-04,159.47,29.41
2012-05-07,159.08,29.209999
2012-05-08,156.0,28.65
2012-05-09,154.47,28.379999
2012-05-10,154.77,28.25
2012-05-11,153.56,28.08
2012-05-14,151.33,27.42
2012-05-15,149.74,26.86
2012-05-16,149.46,26.368
2012-05-17,152.8,27.24
2012-05-18,154.55,27.79
2012-05-21,154.65,27.68
2012-05-22,152.08,27.34
2012-05-23,151.62,27.049999
2012-05-24,151.41,27.44
2012-05-25,152.68,27.62
2012-05-29,151.02,27.1
2012-05-30,151.91,27.12
2012-05-31,151.62,26.959999
2012-06-01,157.5,27.62
2012-06-04,157.32,27.459999
2012-06-05,157.14,27.719999
2012-06-06,157.21,28.51
2012-06-07,154.5,27.79
2012-06-08,154.73,27.75
2012-06-11,155.36,27.79
2012-06-12,156.4594,28.12
2012-06-13,157.12,28.01
2012-06-14,157.75,27.82
2012-06-15,157.84,27.809999
2012-06-18,157.93,27.87
2012-06-19,157.16,27.639999
2012-06-20,155.97,27.26
2012-06-21,152.015,26.12
2012-06-22,152.64,26.15
2012-06-25,153.76,26.709999
2012-06-26,152.62,26.299999
2012-06-27,152.83,26.129999
2012-06-28,151.05,25.629999
2012-06-29,155.19,26.65
2012-07-02,155.09,26.73
2012-07-03,157.46,27.49
2012-07-05,155.68,26.879999
2012-07-06,153.71,26.299999
2012-07-09,154.04,26.54
2012-07-10,152.15,26.059999
2012-07-11,152.99,26.25
2012-07-12,152.59,26.35
2012-07-13,154.14,26.44
2012-07-16,154.21,26.49
2012-07-17,153.47,26.469999
2012-07-18,153.05,26.42
2012-07-19,153.38,26.42
2012-07-20,153.67,26.48
2012-07-23,153.03,26.209999
2012-07-24,153.52,26.219999
2012-07-25,155.67,26.53
2012-07-26,156.77,26.709999
2012-07-27,157.54,26.955
2012-07-30,157.43,27.36
2012-07-31,156.49,27.12
2012-08-01,155.14,26.54
2012-08-02,154.13,26.309999
2012-08-03,155.55,26.959999
2012-08-06,156.3,27.11
2012-08-07,156.28,27.27
2012-08-08,156.48,27.209999
2012-08-09,156.99,27.29
2012-08-10,157.18,27.26
2012-08-13,155.99,26.92
2012-08-14,155.13,26.959999
2012-08-15,155.63,26.969999
2012-08-16,156.56,27.37
2012-08-17,156.72,27.23
2012-08-20,157.26,27.95
2012-08-21,158.83,28.37
2012-08-22,160.54,28.92
2012-08-23,161.89,29.6
2012-08-24,161.97,29.74
2012-08-27,161.36,29.74
2012-08-28,161.64,29.93
2012-08-29,160.59,29.75
2012-08-30,160.52,29.44
2012-08-31,164.22,30.79
2012-09-04,164.48,31.36
2012-09-05,164.31,31.27
2012-09-06,164.89,31.67
2012-09-07,168.44,32.639999
2012-09-10,167.29,32.29
2012-09-11,167.9,32.41
2012-09-12,167.92,32.209999
2012-09-13,171.31,33.610001
2012-09-14,171.8,33.599998
2012-09-17,170.4,32.99
2012-09-18,171.72,33.709999
2012-09-19,171.74,33.57
2012-09-20,171.47,33.58
2012-09-21,171.96,33.48
2012-09-24,171.05,32.93
2012-09-25,170.77,32.68
2012-09-26,169.81,32.869999
2012-09-27,172.34,33.58
2012-09-28,171.89,33.48
2012-10-01,172.29,33.65
2012-10-02,172.1,33.5
2012-10-03,172.41,33.509998
2012-10-04,173.61,33.93
2012-10-05,172.62,33.45
2012-10-08,172.05,32.97
2012-10-09,170.99,32.83
2012-10-10,170.84,32.95
2012-10-11,171.32,32.9
2012-10-12,170.06,32.45
2012-10-15,168.35,31.66
2012-10-16,169.42,31.93
2012-10-17,169.54,32.119999
2012-10-18,168.7891,31.73
2012-10-19,166.97,31.0945
2012-10-22,167.58,31.389999
2012-10-23,165.4258,30.68
2012-10-24,164.86,30.709999
2012-10-25,166.02,31.12
2012-10-26,165.93,31.08
2012-10-31,166.83,31.27
2012-11-01,166.07,31.219999
2012-11-02,162.6,29.95
2012-11-05,163.23,30.17
2012-11-06,166.3,31.01
2012-11-07,166.49,30.83
2012-11-08,167.99,31.379999
2012-11-09,167.82,31.54
2012-11-12,167.45,31.37
2012-11-13,167.1,31.4
2012-11-14,167.14,31.639999
2012-11-15,166.09,31.53
2012-11-16,165.88,31.209999
2012-11-19,167.87,32.049999
2012-11-20,167.39,32.105
2012-11-21,167.56,32.29
2012-11-23,169.61,32.98
2012-11-26,169.43,33.02
2012-11-27,168.71,32.93
2012-11-28,166.55,32.619999
2012-11-29,167.18,33.13
2012-11-30,166.05,32.36
2012-12-03,166.1267,32.52
2012-12-04,164.42,31.9
2012-12-05,164.12,31.82
2012-12-06,164.5,31.93
2012-12-07,165.16,32.029999
2012-12-10,165.8,32.139999
2012-12-11,165.65,31.91
2012-12-12,165.77,32.369999
2012-12-13,164.37,31.53
2012-12-14,164.13,31.17
2012-12-17,164.44,31.2
2012-12-18,162.08,30.65
2012-12-19,161.69,30.11
2012-12-20,159.73,28.998
2012-12-21,160.33,29.0
2012-12-24,160.62,28.94
2012-12-26,160.78,29.01
2012-12-27,161.16,29.24
2012-12-28,160.54,29.1
2012-12-31,162.02,29.37
2013-01-02,163.17,29.92
2013-01-03,161.2,29.179
2013-01-04,160.44,29.2376
2013-01-07,159.43,29.18
2013-01-08,160.56,29.379999
2013-01-09,160.49,29.35
2013-01-10,161.98,29.78
2013-01-11,161.06,29.48
2013-01-14,161.54,30.04
2013-01-15,162.558,30.36
2013-01-16,162.65,30.45
2013-01-17,163.35,30.67
2013-01-18,163.09,30.809999
2013-01-22,163.67,31.12
2013-01-23,163.21,31.19
2013-01-24,161.42,30.65
2013-01-25,160.65,30.209999
2013-01-28,160.29,29.85
2013-01-29,160.99,30.32
2013-01-30,162.19,30.92
2013-01-31,161.2,30.44
2013-02-01,161.45,30.78
2013-02-04,162.0,30.69
2013-02-05,161.96,30.76
2013-02-06,162.39,30.809999
2013-02-07,161.84,30.459999
2013-02-08,161.57,30.43
2013-02-11,159.7,30.0
2013-02-12,159.89,30.09
2013-02-13,159.05,29.77
2013-02-14,158.348,29.459999
2013-02-15,155.76,28.83
2013-02-19,155.33,28.445
2013-02-20,151.44,27.59
2013-02-21,152.62,27.73
2013-02-22,152.97,27.83
2013-02-25,154.34,28.07
2013-02-26,156.22,28.41
2013-02-27,154.57,28.01
2013-02-28,153.0,27.54
2013-03-01,152.44,27.62
2013-03-04,152.3,27.6
2013-03-05,152.38,27.75
2013-03-06,153.23,28.1
2013-03-07,152.69,27.91
2013-03-08,152.71,28.005
2013-03-11,152.99,28.02
2013-03-12,154.19,28.2
2013-03-13,153.66,27.94
2013-03-14,153.68,27.799999
2013-03-15,154.0,27.799
2013-03-18,155.38,27.95
2013-03-19,156.08,27.93
2013-03-20,155.37,27.809999
2013-03-21,156.246,28.18
2013-03-22,155.55,27.75
2013-03-25,155.24,27.84
2013-03-26,154.72,27.75
2013-03-27,155.36,27.73
2013-03-28,154.45,27.42
2013-04-01,154.67,27.09
2013-04-02,152.43,26.35
2013-04-03,150.73,26.09
2013-04-04,150.29,25.99
2013-04-05,152.81,26.389999
2013-04-08,152.16,26.32
2013-04-09,153.34,27.03
2013-04-10,150.75,26.68
2013-04-11,151.05,26.7
2013-04-12,143.95,25.28
2013-04-15,131.31,22.09
2013-04-16,132.8,22.665
2013-04-17,132.87,22.44
2013-04-18,134.3,22.4
2013-04-19,135.47,22.4
2013-04-22,137.9,22.62
2013-04-23,136.88,22.18
2013-04-24,138.3699,22.42
2013-04-25,141.63,23.49
2013-04-26,140.91,23.1
2013-04-29,142.3,23.54
2013-04-30,142.77,23.459999
2013-05-01,141.11,22.86
2013-05-02,141.92,23.02
2013-05-03,142.09,23.29
2013-05-06,142.15,23.18
2013-05-07,140.38,23.1
2013-05-08,142.46,23.12
2013-05-09,140.81,22.889999
2013-05-10,139.6,22.98
2013-05-13,138.43,22.83
2013-05-14,137.81,22.57
2013-05-15,134.63,21.76
2013-05-16,134.09,21.95
2013-05-17,131.07,21.4
2013-05-20,135.12,22.28
2013-05-21,132.88,21.62
2013-05-22,131.94,21.51
2013-05-23,134.61,21.879999
2013-05-24,133.76,21.61
2013-05-28,133.49,21.53
2013-05-29,134.83,21.709999
2013-05-30,136.7,21.98
2013-05-31,133.92,21.435
2013-06-03,136.51,21.9781
2013-06-04,135.23,21.77
2013-06-05,135.52,21.78
2013-06-06,136.53,21.93
2013-06-07,133.28,20.86
2013-06-10,133.94,21.16
2013-06-11,133.25,20.91
2013-06-12,134.25,21.02
2013-06-13,133.74,21.04
2013-06-14,134.43,21.33
2013-06-17,133.77,21.1
2013-06-18,132.13,20.879999
2013-06-19,130.59,20.6
2013-06-20,123.6,18.965
2013-06-21,125.05,19.389
2013-06-24,123.93,18.969999
2013-06-25,123.47,18.91
2013-06-26,118.28,17.8881
2013-06-27,115.94,17.889999
2013-06-28,119.11,18.969999
2013-07-01,121.13,18.93
2013-07-02,120.05,18.678
2013-07-03,120.74,19.02
2013-07-05,118.09,18.209999
2013-07-08,119.51,18.42
2013-07-09,120.62,18.57
2013-07-10,120.95,18.48
2013-07-11,124.24,19.49
2013-07-12,124.13,19.209999
2013-07-15,124.18,19.28
2013-07-16,124.89,19.33
2013-07-17,123.32,18.66
2013-07-18,124.01,18.719999
2013-07-19,125.11,18.879999
2013-07-22,128.84,19.77
2013-07-23,129.71,19.77
2013-07-24,127.48,19.4681
2013-07-25,128.67,19.5
2013-07-26,128.78,19.32
2013-07-29,128.47,19.139999
2013-07-30,128.12,19.03
2013-07-31,127.96,19.139999
2013-08-01,126.61,18.969999
2013-08-02,126.36,19.12
2013-08-05,125.7,19.009
2013-08-06,123.97,18.83
2013-08-07,124.15,18.83
2013-08-08,126.86,19.6
2013-08-09,126.86,19.76
2013-08-12,129.13,20.62
2013-08-13,127.74,20.709999
2013-08-14,129.0,21.09
2013-08-15,131.69,22.15
2013-08-16,132.58,22.34
2013-08-19,132.01,22.34
2013-08-20,132.45,22.19
2013-08-21,132.07,22.139999
2013-08-22,132.81,22.27
2013-08-23,134.9,23.15
2013-08-26,135.45,23.459999
2013-08-27,136.75,23.59
2013-08-28,136.71,23.43
2013-08-29,135.87,23.0
2013-08-30,134.62,22.6
2013-09-03,136.42,23.389999
2013-09-04,134.66,22.69
2013-09-05,132.2,22.379999
2013-09-06,134.15,22.969999
2013-09-09,133.91,22.835
2013-09-10,131.74,22.125
2013-09-11,131.7,22.29
2013-09-12,127.67,21.059999
2013-09-13,127.82,21.42
2013-09-16,126.45,20.94
2013-09-17,126.5,20.959999
2013-09-18,132.01,22.309999
2013-09-19,131.75,22.2
2013-09-20,127.96,20.999
2013-09-23,127.55,20.78
2013-09-24,127.66,20.889999
2013-09-25,128.79,20.98
2013-09-26,127.79,20.92
2013-09-27,128.97,20.959999
2013-09-30,128.18,20.9
2013-10-01,124.59,20.41
2013-10-02,127.06,20.92
2013-10-03,127.18,20.92
2013-10-04,126.53,20.93
2013-10-07,127.64,21.53
2013-10-08,127.4,21.49
2013-10-09,126.11,21.049999
2013-10-10,124.27,20.825
2013-10-11,122.6,20.52
2013-10-14,122.83,20.5
2013-10-15,123.73,20.559999
2013-10-16,123.54,20.5
2013-10-17,127.42,21.045
2013-10-18,126.85,21.11
2013-10-21,126.98,21.41
2013-10-22,129.34,21.87
2013-10-23,128.69,21.75
2013-10-24,129.9,21.87
2013-10-25,130.46,21.709999
2013-10-28,130.56,21.68
2013-10-29,129.77,21.69
2013-10-30,129.6,21.879999
2013-10-31,127.74,21.095
2013-11-01,126.95,21.08
2013-11-04,126.81,20.85
2013-11-05,126.56,20.9
2013-11-06,127.2,21.0
2013-11-07,126.16,20.83
2013-11-08,124.279,20.69
2013-11-11,123.87,20.6
2013-11-12,122.45,20.0
2013-11-13,122.85,19.78
2013-11-14,124.27,20.049999
2013-11-15,124.32,20.0
2013-11-18,122.9,19.665
2013-11-19,122.95,19.61
2013-11-20,120.12,19.139999
2013-11-21,119.94,19.24
2013-11-22,119.92,19.129999
2013-11-25,120.46,19.27
2013-11-26,119.82,19.129999
2013-11-27,119.46,18.959999
2013-11-29,120.7,19.24
2013-12-02,117.58,18.459999
2013-12-03,117.96,18.42
2013-12-04,119.96,19.0
2013-12-05,118.3,18.69
2013-12-06,118.55,18.76
2013-12-09,119.72,19.12
2013-12-10,121.82,19.66
2013-12-11,120.86,19.549999
2013-12-12,118.29,18.809999
2013-12-13,119.38,18.95
2013-12-16,119.69,19.219999
2013-12-17,118.65,19.139999
2013-12-18,117.61,19.09
2013-12-19,114.82,18.49
2013-12-20,115.94,18.62
2013-12-23,115.57,18.719999
2013-12-24,116.1,18.76
2013-12-26,116.74,19.02
2013-12-27,117.12,19.27
2013-12-30,115.39,18.85
2013-12-31,116.12,18.709999
2014-01-02,118.0,19.23
2014-01-03,119.29,19.42
2014-01-06,119.5,19.42
2014-01-07,118.82,19.125
2014-01-08,118.12,18.83
2014-01-09,118.46,18.84
2014-01-10,120.26,19.379999
2014-01-13,121.02,19.68
2014-01-14,119.89,19.42
2014-01-15,119.66,19.4
2014-01-16,119.79,19.35
2014-01-17,120.93,19.51
2014-01-21,119.7,19.17
2014-01-22,119.19,19.03
2014-01-23,121.79,19.26
2014-01-24,122.29,19.16
2014-01-27,120.96,18.889999
2014-01-28,120.95,18.85
2014-01-29,122.47,19.02
2014-01-30,119.77,18.49
2014-01-31,120.09,18.45
2014-02-03,121.32,18.61
2014-02-04,120.99,18.75
2014-02-05,121.29,19.07
2014-02-06,121.24,19.17
2014-02-07,122.17,19.27
2014-02-10,122.92,19.29
2014-02-11,124.36,19.45
2014-02-12,124.43,19.43
2014-02-13,125.49,19.74
2014-02-14,127.15,20.65
2014-02-18,127.4,21.129999
2014-02-19,126.27,20.629999
2014-02-20,127.6,21.0
2014-02-21,127.58,20.969999
2014-02-24,128.99,21.18
2014-02-25,129.21,21.02
2014-02-26,128.11,20.42
2014-02-27,128.2,20.459999
2014-02-28,127.62,20.35
2014-03-03,130.29,20.62
2014-03-04,128.68,20.37
2014-03-05,128.89,20.36
2014-03-06,130.17,20.66
2014-03-07,129.09,20.08
2014-03-10,129.13,20.01
2014-03-11,129.86,20.04
2014-03-12,131.76,20.469999
2014-03-13,132.21,20.36
2014-03-14,133.1,20.62
2014-03-17,131.64,20.33
2014-03-18,130.62,20.01
2014-03-19,128.09,19.79
2014-03-20,127.86,19.52
2014-03-21,128.47,19.52
2014-03-24,126.18,19.209999
2014-03-25,126.41,19.219999
2014-03-26,125.41,19.02
2014-03-27,124.59,19.0
2014-03-28,124.56,19.059999
2014-03-31,123.61,19.04
2014-04-01,123.39,19.059999
2014-04-02,124.32,19.188
2014-04-03,123.92,19.059999
2014-04-04,125.57,19.16
2014-04-07,124.91,19.129999
2014-04-08,126.09,19.23
2014-04-09,126.32,19.11
2014-04-10,127.01,19.27
2014-04-11,126.93,19.19
2014-04-14,127.85,19.209999
2014-04-15,125.49,18.879999
2014-04-16,125.54,18.879999
2014-04-17,124.75,18.879999
2014-04-21,124.24,18.67
2014-04-22,123.78,18.709999
2014-04-23,123.76,18.69
2014-04-24,124.56,18.92
2014-04-25,125.43,18.94
2014-04-28,124.88,18.85
2014-04-29,124.86,18.76
2014-04-30,124.22,18.459999
2014-05-01,123.8,18.35
2014-05-02,125.06,18.69
2014-05-05,126.22,18.84
2014-05-06,125.98,18.799999
2014-05-07,124.17,18.57
2014-05-08,124.17,18.44
2014-05-09,124.1,18.42
2014-05-12,124.94,18.78
2014-05-13,124.6,18.77
2014-05-14,125.81,19.0
2014-05-15,124.77,18.74
2014-05-16,124.5,18.61
2014-05-19,124.58,18.629999
2014-05-20,124.69,18.65
2014-05-21,124.39,18.639999
2014-05-22,124.67,18.73
2014-05-23,124.51,18.66
2014-05-27,121.85,18.36
2014-05-28,121.2,18.28
2014-05-29,120.94,18.299999
2014-05-30,120.43,18.079
2014-06-02,119.7,18.02
2014-06-03,120.01,18.1
2014-06-04,119.76,18.059999
2014-06-05,120.66,18.26
2014-06-06,120.61,18.28
2014-06-09,120.65,18.32
2014-06-10,121.39,18.459999
2014-06-11,121.41,18.459999
2014-06-12,122.64,18.76
2014-06-13,122.96,18.92
2014-06-16,122.42,18.85
2014-06-17,122.28,18.94
2014-06-18,122.67,19.049999
2014-06-19,126.94,19.92
2014-06-20,126.5,20.03
2014-06-23,126.85,20.049999
2014-06-24,126.98,20.08
2014-06-25,126.99,20.19
2014-06-26,126.73,20.24
2014-06-27,126.66,20.17
2014-06-30,128.04,20.25
2014-07-01,127.7,20.209999
2014-07-02,127.7,20.299999
2014-07-03,127.16,20.29
2014-07-07,127.02,20.17
2014-07-08,127.07,20.209999
2014-07-09,127.84,20.27
2014-07-10,128.54,20.52
2014-07-11,128.78,20.57
2014-07-14,125.72,20.1
2014-07-15,124.53,19.879999
2014-07-16,124.97,19.91
2014-07-17,127.0899,20.29
2014-07-18,126.13,20.02
2014-07-21,126.34,20.1
2014-07-22,125.74,20.1
2014-07-23,125.62,20.08
2014-07-24,124.35,19.58
2014-07-25,125.79,19.87
2014-07-28,125.58,19.809999
2014-07-29,125.2,19.78
2014-07-30,124.83,19.78
2014-07-31,123.39,19.58
2014-08-01,124.38,19.52
2014-08-04,123.99,19.4
2014-08-05,123.87,19.049999
2014-08-06,125.67,19.23
2014-08-07,126.18,19.17
2014-08-08,126.19,19.19
2014-08-11,125.96,19.23
2014-08-12,125.99,19.17
2014-08-13,126.2,19.04
2014-08-14,126.31,19.1
2014-08-15,125.48,18.86
2014-08-18,124.96,18.87
2014-08-19,124.68,18.7
2014-08-20,124.22,18.719999
2014-08-21,122.88,18.69
2014-08-22,123.19,18.69
2014-08-25,122.74,18.6
2014-08-26,123.35,18.629999
2014-08-27,123.3199,18.66
2014-08-28,124.0,18.74
2014-08-29,123.86,18.709999
2014-09-02,121.65,18.41
2014-09-03,122.15,18.43
2014-09-04,121.48,18.32
2014-09-05,122.06,18.42
2014-09-08,120.73,18.26
2014-09-09,120.87,18.309999
2014-09-10,120.26,18.24
2014-09-11,119.47,17.959
2014-09-12,118.38,17.889999
2014-09-15,118.64,17.92
2014-09-16,118.83,17.95
2014-09-17,117.54,17.77
2014-09-18,117.78,17.77
2014-09-19,117.09,17.19
2014-09-22,116.85,17.08
2014-09-23,117.6,17.07
2014-09-24,117.05,16.99
2014-09-25,117.39,16.83
2014-09-26,117.06,16.9
2014-09-29,117.03,16.78
2014-09-30,116.21,16.35
2014-10-01,116.77,16.48
2014-10-02,116.74,16.41
2014-10-03,114.61,16.12
2014-10-06,116.03,16.6
2014-10-07,116.36,16.48
2014-10-08,117.47,16.68
2014-10-09,117.64,16.62
2014-10-10,117.59,16.639999
2014-10-13,118.52,16.73
2014-10-14,118.59,16.68
2014-10-15,118.99,16.709999
2014-10-16,119.22,16.67
2014-10-17,118.99,16.58
2014-10-20,119.8,16.73
2014-10-21,120.02,16.809999
2014-10-22,119.34,16.459999
2014-10-23,118.52,16.5
2014-10-24,118.35,16.5
2014-10-27,118.06,16.42
2014-10-28,118.1,16.49
2014-10-29,116.41,16.379999
2014-10-30,115.19,15.82
2014-10-31,112.66,15.5
2014-11-03,112.15,15.48
2014-11-04,112.22,15.36
2014-11-05,109.79,14.66
2014-11-06,109.88,14.82
2014-11-07,112.97,15.1
2014-11-10,110.46,14.92
2014-11-11,112.04,15.11
2014-11-12,111.5,15.03
2014-11-13,111.67,14.97
2014-11-14,114.47,15.63
2014-11-17,114.05,15.5
2014-11-18,115.05,15.55
2014-11-19,113.68,15.48
2014-11-20,114.86,15.6
2014-11-21,115.39,15.79
2014-11-24,115.11,15.78
2014-11-25,115.38,15.98
2014-11-26,115.16,15.87
2014-11-28,112.11,14.83
2014-12-01,116.58,15.78
2014-12-02,115.14,15.75
2014-12-03,116.33,15.73
2014-12-04,115.88,15.77
2014-12-05,114.43,15.61
2014-12-08,115.78,15.71
2014-12-09,118.19,16.32
2014-12-10,117.96,16.37
2014-12-11,117.69,16.33
2014-12-12,117.41,16.299999
2014-12-15,114.39,15.47
2014-12-16,114.95,15.08
2014-12-17,114.27,15.1
2014-12-18,115.15,15.2499
2014-12-19,114.77,15.39
2014-12-22,112.55,14.99
2014-12-23,112.74,15.04
2014-12-24,112.77,15.09
2014-12-26,114.83,15.35
2014-12-29,113.67,15.11
2014-12-30,115.2,15.58
2014-12-31,113.58,15.06
2015-01-02,114.08,15.11
2015-01-05,115.8,15.5
2015-01-06,117.12,15.83
2015-01-07,116.43,15.85
2015-01-08,115.94,15.64
2015-01-09,117.26,15.77
2015-01-12,118.56,15.87
2015-01-13,118.16,16.29
2015-01-14,117.97,16.129999
2015-01-15,120.94,16.15
2015-01-16,122.52,16.95
2015-01-20,124.2,17.18
2015-01-21,124.23,17.37
2015-01-22,125.23,17.61
2015-01-23,124.23,17.51
2015-01-26,122.99,17.129999
2015-01-27,124.4,17.33
2015-01-28,123.42,17.23
2015-01-29,120.76,16.24
2015-01-30,123.45,16.54
2015-02-02,122.42,16.469999
2015-02-03,121.05,16.549999
2015-02-04,121.58,16.629999
2015-02-05,121.79,16.58
2015-02-06,118.64,16.03
2015-02-09,119.17,16.32
2015-02-10,118.47,16.19
2015-02-11,117.07,16.08
2015-02-12,117.34,16.15
2015-02-13,117.98,16.54
2015-02-17,116.01,15.83
2015-02-18,116.34,15.75
2015-02-19,115.94,15.7
2015-02-20,115.28,15.54
2015-02-23,115.43,15.63
2015-02-24,115.26,15.56
2015-02-25,115.7,15.83
2015-02-26,116.07,15.84
2015-02-27,116.16,15.87
2015-03-02,115.68,15.66
2015-03-03,115.47,15.5799
2015-03-04,115.11,15.49
2015-03-05,115.0,15.53
2015-03-06,111.86,15.19
2015-03-09,111.97,15.1
2015-03-10,111.42,15.02
2015-03-11,110.75,14.84
2015-03-12,110.72,14.92
2015-03-13,110.88,14.9
2015-03-16,110.81,14.9899
2015-03-17,110.21,14.9
2015-03-18,112.37,15.36
2015-03-19,112.29,15.44
2015-03-20,113.57,16.0
2015-03-23,114.29,16.299999
2015-03-24,114.57,16.28
2015-03-25,114.73,16.24
2015-03-26,115.48,16.299999
2015-03-27,115.06,16.219999
2015-03-30,113.75,15.98
2015-03-31,113.66,15.93
2015-04-01,115.6,16.23
2015-04-02,115.28,16.02
2015-04-06,116.69,16.27
2015-04-07,116.11,16.15
2015-04-08,115.47,15.81
2015-04-09,114.67,15.51
2015-04-10,115.966,15.77
2015-04-13,115.14,15.6
2015-04-14,114.44,15.51
2015-04-15,115.43,15.63
2015-04-16,115.03,15.57
2015-04-17,115.6,15.56
2015-04-20,114.72,15.29
2015-04-21,115.38,15.32
2015-04-22,113.83,15.11
2015-04-23,114.66,15.21
2015-04-24,113.05,15.06
2015-04-27,115.33,15.66
2015-04-28,116.33,15.87
2015-04-29,115.51,15.81
2015-04-30,113.47,15.43
2015-05-01,113.08,15.47
2015-05-04,114.1,15.7
2015-05-05,114.42,15.81
2015-05-06,114.36,15.77
2015-05-07,113.42,15.6
2015-05-08,113.97,15.76
2015-05-11,113.53,15.57
2015-05-12,114.5,15.81
2015-05-13,116.55,16.35
2015-05-14,117.18,16.65
2015-05-15,117.53,16.75
2015-05-18,117.52,16.889999
2015-05-19,115.89,16.379999
2015-05-20,116.08,16.37
2015-05-21,115.69,16.389999
2015-05-22,115.6,16.34
2015-05-26,113.91,16.02
2015-05-27,113.89,15.96
2015-05-28,114.02,15.97
2015-05-29,114.1,15.99
2015-06-01,114.0,16.0
2015-06-02,114.46,16.07
2015-06-03,113.64,15.83
2015-06-04,112.84,15.48
2015-06-05,112.24,15.39
2015-06-08,112.57,15.32
2015-06-09,112.82,15.29
2015-06-10,113.78,15.32
2015-06-11,113.26,15.33
2015-06-12,113.23,15.25
2015-06-15,113.73,15.4
2015-06-16,113.32,15.32
2015-06-17,113.85,15.45
2015-06-18,115.32,15.46
2015-06-19,115.12,15.42
2015-06-22,113.64,15.49
2015-06-23,112.89,15.14
2015-06-24,112.59,15.19
2015-06-25,112.44,15.17
2015-06-26,112.56,15.11
2015-06-29,113.07,15.03
2015-06-30,112.37,15.03
2015-07-01,111.98,14.9
2015-07-02,111.76,14.95
2015-07-06,112.06,14.99
2015-07-07,110.76,14.43
2015-07-08,111.09,14.46
2015-07-09,111.36,14.76
2015-07-10,111.49,14.88
2015-07-13,110.99,14.81
2015-07-14,110.74,14.69
2015-07-15,110.16,14.43
2015-07-16,109.76,14.35
2015-07-17,108.65,14.23
2015-07-20,105.7,14.05
2015-07-21,105.37,14.14
2015-07-22,104.8,14.14
2015-07-23,104.33,14.0
2015-07-24,105.35,14.02
2015-07-27,104.86,13.92
2015-07-28,105.02,14.02
2015-07-29,105.17,14.15
2015-07-30,104.27,14.09
2015-07-31,104.93,14.08
2015-08-03,104.1,13.87
2015-08-04,104.31,13.92
2015-08-05,103.93,13.95
2015-08-06,104.39,13.99
2015-08-07,104.65,14.11
2015-08-10,105.72,14.54
2015-08-11,106.26,14.64
2015-08-12,107.75,14.82
2015-08-13,106.86,14.71
2015-08-14,106.85,14.55
2015-08-17,107.13,14.63
2015-08-18,107.11,14.22
2015-08-19,108.55,14.57
2015-08-20,110.44,14.78
2015-08-21,111.13,14.61
2015-08-24,110.53,14.13
2015-08-25,109.16,13.99
2015-08-26,107.67,13.56
2015-08-27,107.73,13.8
2015-08-28,108.7,13.92
2015-08-31,108.82,13.99
2015-09-01,109.2,13.94
2015-09-02,108.62,14.02
2015-09-03,107.84,14.02
2015-09-04,107.49,13.92
2015-09-08,107.52,14.12
2015-09-09,106.13,13.93
2015-09-10,106.38,13.99
2015-09-11,106.16,13.95
2015-09-14,106.22,13.79
2015-09-15,105.9,13.77
2015-09-16,107.31,14.22
2015-09-17,108.41,14.42
2015-09-18,109.21,14.47
2015-09-21,108.53,14.49
2015-09-22,107.79,14.14
2015-09-23,108.22,14.12
2015-09-24,110.49,14.43
2015-09-25,109.81,14.4
2015-09-28,108.42,13.94
2015-09-29,107.98,13.97
2015-09-30,106.86,13.87
2015-10-01,106.73,13.9
2015-10-02,108.99,14.55
2015-10-05,108.77,14.89
2015-10-06,109.86,15.07
2015-10-07,109.7,15.29
2015-10-08,109.14,14.99
2015-10-09,110.87,15.12
2015-10-12,111.31,15.13
2015-10-13,111.86,15.16
2015-10-14,113.81,15.42
2015-10-15,113.29,15.39
2015-10-16,112.49,15.28
2015-10-19,112.02,15.11
2015-10-20,112.73,15.19
2015-10-21,111.73,14.99
2015-10-22,111.69,15.11
2015-10-23,111.5,15.12
2015-10-26,111.43,15.11
2015-10-27,111.68,15.13
2015-10-28,110.78,15.26
2015-10-29,109.72,14.88
2015-10-30,109.3,14.8
2015-11-02,108.59,14.72
2015-11-03,106.98,14.58
2015-11-04,105.97,14.38
2015-11-05,105.64,14.3
2015-11-06,104.1,14.08
2015-11-09,104.4,13.89
2015-11-10,104.18,13.76
2015-11-11,103.83,13.64
2015-11-12,103.85,13.64
2015-11-13,103.56,13.59
2015-11-16,103.71,13.6
2015-11-17,102.34,13.55
2015-11-18,102.43,13.52
2015-11-19,103.56,13.62
2015-11-20,103.09,13.5
2015-11-23,102.26,13.45
2015-11-24,102.94,13.51
2015-11-25,102.46,13.52
2015-11-27,101.25,13.46
2015-11-30,101.92,13.44
2015-12-01,102.28,13.51
2015-12-02,100.69,13.37
2015-12-03,101.76,13.46
2015-12-04,104.02,13.87
2015-12-07,102.67,13.62
2015-12-08,102.84,13.51
2015-12-09,102.64,13.49
2015-12-10,102.55,13.45
2015-12-11,103.11,13.3
2015-12-14,101.79,13.06
2015-12-15,101.52,13.11
2015-12-16,102.75,13.49
2015-12-17,100.5,13.08
2015-12-18,102.04,13.425
2015-12-21,103.15,13.59
2015-12-22,102.61,13.59
2015-12-23,102.31,13.62
2015-12-24,103.05,13.69
2015-12-28,102.27,13.29
2015-12-29,102.2,13.27
2015-12-30,101.42,13.21
2015-12-31,101.46,13.19
2016-01-04,102.89,13.19
2016-01-05,103.18,13.31
2016-01-06,104.67,13.36
2016-01-07,106.15,13.62
2016-01-08,105.68,13.3
2016-01-11,104.74,13.22
2016-01-12,104.21,13.17
2016-01-13,104.72,13.49
2016-01-14,103.02,13.19
2016-01-15,104.08,13.24
2016-01-19,103.98,13.36
2016-01-20,105.37,13.48
2016-01-21,105.49,13.46
2016-01-22,105.0,13.38
2016-01-25,106.08,13.58
2016-01-26,107.29,13.82
2016-01-27,107.69,13.81
2016-01-28,106.54,13.57
2016-01-29,106.9492,13.59
2016-02-01,108.05,13.67
2016-02-02,108.09,13.62
2016-02-03,109.25,13.95
2016-02-04,110.57,14.17
2016-02-05,112.32,14.34
2016-02-08,113.83,14.59
2016-02-09,113.58,14.51
2016-02-10,114.46,14.55
2016-02-11,119.0592,14.95
2016-02-12,118.36,14.99
2016-02-16,114.77,14.51
2016-02-17,115.48,14.54
2016-02-18,118.29,14.76
2016-02-19,117.58,14.64
2016-02-22,115.49,14.43
2016-02-23,117.22,14.54
2016-02-24,117.61,14.52
2016-02-25,117.92,14.41
2016-02-26,117.11,14.02
2016-02-29,118.64,14.2
2016-03-01,117.77,14.17
2016-03-02,118.68,14.25
2016-03-03,120.73,14.5
2016-03-04,120.54,14.76
2016-03-07,121.14,14.9
2016-03-08,120.58,14.62
2016-03-09,119.58,14.53
2016-03-10,121.5,14.82
2016-03-11,119.41,14.72
2016-03-14,117.87,14.58
2016-03-15,117.96,14.54
2016-03-16,120.59,14.87
2016-03-17,120.13,15.16
2016-03-18,119.8,15.03
2016-03-21,118.96,15.06
2016-03-22,119.31,15.12
2016-03-23,116.61,14.51
2016-03-24,116.33,14.43
2016-03-28,116.6,14.46
2016-03-29,118.76,14.6
2016-03-30,117.1,14.49
2016-03-31,117.64,14.68
2016-04-01,116.93,14.34
2016-04-04,116.15,14.2
2016-04-05,117.66,14.42
2016-04-06,116.94,14.34
2016-04-07,118.61,14.48
2016-04-08,118.43,14.62
2016-04-11,120.03,15.14
2016-04-12,120.05,15.41
2016-04-13,118.77,15.44
2016-04-14,117.11,15.34
2016-04-15,117.92,15.46
2016-04-18,117.74,15.42
2016-04-19,119.58,16.12
2016-04-20,118.97,16.139999
2016-04-21,119.42,16.209999
2016-04-22,117.89,16.13
2016-04-25,118.23,16.17
2016-04-26,118.7,16.29
2016-04-27,119.04,16.379999
2016-04-28,121.29,16.77
2016-04-29,123.65,16.98
2016-05-02,123.24,16.639999
2016-05-03,122.96,16.57
2016-05-04,122.21,16.49
2016-05-05,122.07,16.51
2016-05-06,123.18,16.629999
2016-05-09,120.65,16.12
2016-05-10,120.98,16.28
2016-05-11,122.12,16.559999
2016-05-12,121.16,16.219999
2016-05-13,121.71,16.28
2016-05-16,121.8,16.32
2016-05-17,122.22,16.41
2016-05-18,120.1,16.0
2016-05-19,119.87,15.67
2016-05-20,119.71,15.69
2016-05-23,119.37,15.59
2016-05-24,117.3,15.42
2016-05-25,116.98,15.5
2016-05-26,116.58,15.53
2016-05-27,115.62,15.39
2016-05-31,116.06,15.19
2016-06-01,115.94,15.17
2016-06-02,115.67,15.22
2016-06-03,118.88,15.61
2016-06-06,118.92,15.68
2016-06-07,118.82,15.6
2016-06-08,120.58,16.209999
2016-06-09,121.25,16.469999
2016-06-10,121.74,16.49
2016-06-13,122.64,16.58
2016-06-14,122.77,16.54
2016-06-15,123.68,16.69
2016-06-16,122.38,16.309999
2016-06-17,123.95,16.6
2016-06-20,123.21,16.65
2016-06-21,120.84,16.379999
2016-06-22,120.9,16.42
2016-06-23,120.11,16.49
2016-06-24,126.0,16.889999
2016-06-27,126.68,16.87
2016-06-28,125.32,16.91
2016-06-29,125.84,17.37
2016-06-30,126.47,17.860001
2016-07-01,128.41,18.74
2016-07-05,129.47,18.98
2016-07-06,130.23,19.1
2016-07-07,129.74,18.709999
2016-07-08,130.52,19.219999
2016-07-11,129.29,19.299999
2016-07-12,127.15,19.09
2016-07-13,128.32,19.389999
2016-07-14,127.33,19.25
2016-07-15,126.84,19.08
2016-07-18,127.04,19.1
2016-07-19,127.21,18.92
2016-07-20,125.39,18.42
2016-07-21,127.3,18.879999
2016-07-22,126.35,18.67
2016-07-25,125.47,18.54
2016-07-26,126.0,18.66
2016-07-27,128.03,19.37
2016-07-28,127.66,19.209999
2016-07-29,128.98,19.35
2016-08-01,129.22,19.43
2016-08-02,130.27,19.6
2016-08-03,129.65,19.379999
2016-08-04,129.87,19.35
2016-08-05,127.55,18.709999
2016-08-08,127.44,18.74
2016-08-09,127.96,18.87
2016-08-10,128.56,19.16
2016-08-11,127.67,18.959999
2016-08-12,127.4,18.719999
2016-08-15,127.84,18.83
2016-08-16,128.47,18.82
2016-08-17,128.5,18.68
2016-08-18,129.11,18.77
2016-08-19,127.97,18.35
2016-08-22,127.78,17.969999
2016-08-23,127.76,17.93
2016-08-24,126.34,17.62
2016-08-25,126.23,17.629999
2016-08-26,126.05,17.719999
2016-08-29,126.3,17.9
2016-08-30,125.03,17.67
2016-08-31,124.78,17.719999
2016-09-01,125.29,17.94
2016-09-02,126.57,18.44
2016-09-06,128.71,19.049999
2016-09-07,128.27,18.78
2016-09-08,127.59,18.62
2016-09-09,126.75,18.11
2016-09-12,126.59,18.17
2016-09-13,125.75,17.93
2016-09-14,126.18,18.02
2016-09-15,125.37,18.04
2016-09-16,125.06,17.86
2016-09-19,125.32,18.2
2016-09-20,125.44,18.27
2016-09-21,127.27,18.85
2016-09-22,127.57,18.9
2016-09-23,127.65,18.68
2016-09-26,127.55,18.41
2016-09-27,126.62,18.17
2016-09-28,126.22,18.209999
2016-09-29,126.07,18.11
2016-09-30,125.64,18.2
2016-10-03,125.32,17.87
2016-10-04,120.97,16.94
2016-10-05,120.78,16.85
2016-10-06,119.66,16.44
2016-10-07,119.74,16.6
2016-10-10,120.16,16.73
2016-10-11,119.55,16.559999
2016-10-12,119.74,16.65
2016-10-13,120.03,16.61
2016-10-14,119.36,16.559999
2016-10-17,119.68,16.57
2016-10-18,120.42,16.719999
2016-10-19,121.11,16.79
2016-10-20,120.74,16.639999
2016-10-21,120.83,16.65
2016-10-24,120.56,16.7
2016-10-25,121.47,16.86
2016-10-26,120.79,16.709999
2016-10-27,121.01,16.73
2016-10-28,121.58,16.87
2016-10-31,121.94,16.969999
2016-11-01,122.73,17.41
2016-11-02,123.64,17.559999
2016-11-03,124.3,17.42
2016-11-04,124.39,17.459999
2016-11-07,122.15,17.29
2016-11-08,121.64,17.4
2016-11-09,121.56,17.45
2016-11-10,119.75,17.559999
2016-11-11,117.1,16.469999
2016-11-14,116.11,16.0
2016-11-15,117.12,16.19
2016-11-16,116.77,16.09
2016-11-17,116.17,15.84
2016-11-18,115.15,15.73
2016-11-21,115.58,15.72
2016-11-22,115.54,15.8
2016-11-23,113.25,15.52
2016-11-25,112.61,15.63
2016-11-28,113.8,15.77
2016-11-29,113.27,15.78
2016-11-30,111.75,15.66
2016-12-01,111.54,15.66
2016-12-02,112.14,15.83
2016-12-05,111.54,15.88
2016-12-06,111.43,15.85
2016-12-07,111.83,16.23
2016-12-08,111.57,16.139999
2016-12-09,110.4,15.97
2016-12-12,110.82,16.19
2016-12-13,110.45,16.04
2016-12-14,108.83,15.93
2016-12-15,107.34,15.18
2016-12-16,108.05,15.27
2016-12-19,108.59,15.17
2016-12-20,107.79,15.24
2016-12-21,107.85,15.12
2016-12-22,107.59,14.98
2016-12-23,107.93,14.91
2016-12-27,108.56,15.13
2016-12-28,108.86,15.2
2016-12-29,110.29,15.32
2016-12-30,109.61,15.11
2017-01-03,110.47,15.44
2017-01-04,110.86,15.58
2017-01-05,112.58,15.76
2017-01-06,111.75,15.64
2017-01-09,112.67,15.7
2017-01-10,113.15,15.91
2017-01-11,113.5,15.87
2017-01-12,113.91,15.91
2017-01-13,114.21,15.94
2017-01-17,115.85,16.28
2017-01-18,114.87,16.19
2017-01-19,114.77,16.12
2017-01-20,115.05,16.19
2017-01-23,115.79,16.29
2017-01-24,115.27,16.219999
2017-01-25,114.32,16.1
2017-01-26,113.26,15.93
2017-01-27,113.49,16.219999
2017-01-30,113.97,16.23
2017-01-31,115.55,16.629999
2017-02-01,115.2,16.61
2017-02-02,115.84,16.559999
2017-02-03,116.13,16.57
2017-02-06,117.7,16.82
2017-02-07,117.46,16.79
2017-02-08,118.19,16.84
2017-02-09,117.29,16.75
2017-02-10,117.6,17.02
2017-02-13,116.8,16.889999
2017-02-14,116.93,17.01
2017-02-15,117.45,17.04
2017-02-16,118.08,17.15
2017-02-17,117.68,17.059999
2017-02-21,117.75,17.03
2017-02-22,117.91,17.11
2017-02-23,118.94,17.24
2017-02-24,119.7,17.4
2017-02-27,119.12,17.27
2017-02-28,119.23,17.37
2017-03-01,119.06,17.44
2017-03-02,117.58,16.799999
2017-03-03,117.51,16.98
2017-03-06,116.72,16.83
2017-03-07,115.78,16.549999
2017-03-08,115.06,16.32
2017-03-09,114.47,16.059999
2017-03-10,114.72,16.15
2017-03-13,114.74,16.07
2017-03-14,114.12,15.99
2017-03-15,116.25,16.43
2017-03-16,116.73,16.4
2017-03-17,116.99,16.469999
2017-03-20,117.51,16.5
2017-03-21,118.54,16.61
2017-03-22,118.83,16.62
2017-03-23,118.67,16.67
2017-03-24,118.86,16.809999
2017-03-27,119.53,17.15
2017-03-28,119.04,17.18
2017-03-29,119.33,17.25
2017-03-30,118.47,17.15
2017-03-31,118.72,17.25
2017-04-03,119.35,17.24
2017-04-04,119.62,17.33
2017-04-05,119.62,17.32
2017-04-06,119.18,17.26
2017-04-07,119.46,17.03
2017-04-10,119.46,17.0
2017-04-11,121.19,17.309999
2017-04-12,122.02,17.459999
2017-04-13,122.6,17.53
2017-04-17,122.24,17.43
2017-04-18,122.82,17.34
2017-04-19,121.73,17.18
2017-04-20,121.96,17.059999
2017-04-21,122.31,17.02
2017-04-24,121.48,16.98
2017-04-25,120.25,16.68
2017-04-26,120.84,16.57
2017-04-27,120.39,16.37
2017-04-28,120.77,16.299999
2017-05-01,119.67,15.99
2017-05-02,119.65,15.93
2017-05-03,117.98,15.59
2017-05-04,116.79,15.43
2017-05-05,117.01,15.5
2017-05-08,116.75,15.41
2017-05-09,116.05,15.3
2017-05-10,116.04,15.35
2017-05-11,116.5,15.45
2017-05-12,116.83,15.57
2017-05-15,117.14,15.75
2017-05-16,117.65,15.93
2017-05-17,119.79,16.0
2017-05-18,118.81,15.71
2017-05-19,119.4,15.94
2017-05-22,119.9,16.23
2017-05-23,119.14,16.15
2017-05-24,119.61,16.28
2017-05-25,119.48,16.23
2017-05-26,120.54,16.4
2017-05-30,120.14,16.469999
2017-05-31,120.62,16.389999
2017-06-01,120.72,16.379999
2017-06-02,121.61,16.59
2017-06-05,121.73,16.629999
2017-06-06,123.1,16.76
2017-06-07,122.45,16.65
2017-06-08,121.65,16.49
2017-06-09,120.54,16.28
2017-06-12,120.36,16.04
2017-06-13,120.48,15.95
2017-06-14,119.82,15.95
2017-06-15,119.32,15.88
2017-06-16,119.34,15.79
2017-06-19,118.43,15.61
2017-06-20,118.18,15.59
2017-06-21,118.52,15.54
2017-06-22,118.92,15.68
2017-06-23,119.43,15.79
2017-06-26,118.36,15.68
2017-06-27,118.81,15.79
2017-06-28,118.9,15.92
2017-06-29,118.32,15.73
2017-06-30,118.02,15.71
2017-07-03,116.09,15.3
2017-07-05,116.52,15.18
2017-07-06,116.47,15.15
2017-07-07,115.28,14.73
2017-07-10,115.47,14.83
2017-07-11,115.62,14.99
2017-07-12,116.03,15.05
2017-07-13,115.82,14.87
2017-07-14,116.77,15.08
2017-07-17,117.29,15.22
2017-07-18,118.11,15.38
2017-07-19,118.08,15.4
2017-07-20,118.24,15.42
2017-07-21,119.26,15.6
2017-07-24,119.31,15.58
2017-07-25,118.92,15.59
2017-07-26,119.88,15.75
2017-07-27,119.79,15.68
2017-07-28,120.69,15.81
2017-07-31,120.75,15.9
2017-08-01,120.65,15.79
2017-08-02,120.4,15.67
2017-08-03,120.59,15.72
2017-08-04,119.65,15.38
2017-08-07,119.51,15.33
2017-08-08,119.86,15.56
2017-08-09,121.31,15.98
2017-08-10,122.21,16.18
2017-08-11,122.79,16.17
2017-08-14,121.92,16.129999
2017-08-15,120.98,15.74
2017-08-16,121.87,16.15
2017-08-17,122.49,16.12
2017-08-18,122.3,16.1
2017-08-21,122.76,16.07
2017-08-22,122.21,16.07
2017-08-23,122.67,16.15
2017-08-24,122.29,16.03
2017-08-25,122.74,16.11
2017-08-28,124.69,16.5
2017-08-29,124.42,16.42
2017-08-30,124.36,16.459999
2017-08-31,125.82,16.65
2017-09-01,126.06,16.73
2017-09-05,127.46,16.91
2017-09-06,126.81,16.87
2017-09-07,128.13,17.1
2017-09-08,127.97,17.02
2017-09-11,126.19,16.77
2017-09-12,126.56,16.889999
2017-09-13,125.61,16.76
2017-09-14,126.16,16.77
2017-09-15,125.53,16.62
2017-09-18,124.36,16.27
2017-09-19,124.62,16.36
2017-09-20,123.62,16.19
2017-09-21,122.68,16.03
2017-09-22,123.24,16.049999
2017-09-25,124.53,16.209999
2017-09-26,123.14,15.91
2017-09-27,121.98,15.83
2017-09-28,122.21,15.92
2017-09-29,121.58,15.74
2017-10-02,120.77,15.67
2017-10-03,120.83,15.71
2017-10-04,121.17,15.69
2017-10-05,120.52,15.69
2017-10-06,121.09,15.85
2017-10-09,122.08,16.02
2017-10-10,122.4,16.15
2017-10-11,122.79,16.25
2017-10-12,122.89,16.26
2017-10-13,123.82,16.41
2017-10-16,122.97,16.25
2017-10-17,122.13,16.09
2017-10-18,121.67,16.059999
2017-10-19,122.39,16.27
2017-10-20,121.61,16.08
2017-10-23,121.8,16.139999
2017-10-24,121.33,16.02
2017-10-25,121.35,16.01
2017-10-26,120.33,15.85
2017-10-27,120.9,15.91
2017-10-30,121.13,15.91
2017-10-31,120.67,15.79
2017-11-01,121.11,16.18
2017-11-02,121.19,16.17
2017-11-03,120.62,15.92
2017-11-06,121.65,16.27
2017-11-07,121.21,16.01
2017-11-08,121.63,16.059999
2017-11-09,122.13,16.07
2017-11-10,121.13,15.95
2017-11-13,121.31,16.09
2017-11-14,121.56,16.08
2017-11-15,121.41,16.03
2017-11-16,121.4,16.12
2017-11-17,122.86,16.309999
2017-11-20,121.31,15.98
2017-11-21,121.51,16.01
2017-11-22,122.63,16.17
2017-11-24,122.32,16.08
2017-11-27,122.83,16.1
2017-11-28,122.81,15.91
2017-11-29,122.04,15.64
2017-11-30,121.1,15.51
2017-12-01,121.59,15.53
2017-12-04,121.18,15.44
2017-12-05,120.32,15.23
2017-12-06,120.07,15.1
2017-12-07,118.49,14.87
2017-12-08,118.48,14.96
2017-12-11,118.01,14.85
2017-12-12,118.15,14.86
2017-12-13,119.17,15.15
2017-12-14,118.93,15.02
2017-12-15,119.18,15.15
2017-12-18,119.73,15.22
2017-12-19,119.82,15.22
2017-12-20,120.14,15.25
2017-12-21,120.31,15.22
2017-12-22,120.94,15.4
2017-12-26,121.77,15.59
2017-12-27,122.23,15.73
2017-12-28,122.85,15.88
2017-12-29,123.65,15.99
2018-01-02,125.15,16.209999
2018-01-03,124.82,16.17
2018-01-04,125.46,16.23
2018-01-05,125.33,16.219999
2018-01-08,125.31,16.15
2018-01-09,124.73,16.03
2018-01-10,125.03,16.02
2018-01-11,125.44,16.01
2018-01-12,126.96,16.27
2018-01-16,127.17,16.25
2018-01-17,126.14,16.059999
2018-01-18,125.86,15.97
2018-01-19,126.42,16.049999
2018-01-22,126.65,16.04
2018-01-23,127.28,16.08
2018-01-24,128.83,16.559999
2018-01-25,127.97,16.309999
2018-01-26,128.07,16.41
2018-01-29,127.35,16.209999
2018-01-30,126.8,16.15
2018-01-31,127.65,16.35
2018-02-01,128.07,16.25
2018-02-02,126.39,15.66
2018-02-05,126.71,15.74
2018-02-06,125.38,15.65
2018-02-07,124.79,15.41
2018-02-08,124.98,15.46
2018-02-09,124.77,15.39
2018-02-12,125.37,15.57
2018-02-13,126.08,15.62
2018-02-14,128.23,15.91
2018-02-15,128.38,15.91
2018-02-16,127.96,15.73
2018-02-20,126.24,15.54
2018-02-21,125.66,15.54
2018-02-22,126.3,15.66
2018-02-23,126.14,15.59
2018-02-26,126.45,15.68
2018-02-27,125.13,15.48
2018-02-28,125.0,15.46
2018-03-01,124.72,15.54
2018-03-02,125.39,15.56
2018-03-05,125.18,15.49
2018-03-06,126.53,15.78
2018-03-07,125.72,15.53
2018-03-08,125.42,15.55
2018-03-09,125.54,15.63
2018-03-12,125.54,15.61
2018-03-13,125.78,15.61
2018-03-14,125.7,15.61
2018-03-15,124.9,15.45
2018-03-16,124.6,15.39
2018-03-19,124.87,15.39
2018-03-20,124.31,15.28
2018-03-21,126.48,15.65
2018-03-22,125.98,15.44
2018-03-23,127.61,15.58
2018-03-26,128.28,15.72
2018-03-27,127.49,15.57
2018-03-28,125.73,15.36
2018-03-29,125.79,15.41
2018-04-02,127.26,15.65
2018-04-03,126.3,15.46
2018-04-04,126.45,15.38
2018-04-05,125.8,15.45
2018-04-06,126.39,15.43
2018-04-09,126.82,15.56
2018-04-10,127.12,15.62
2018-04-11,128.11,15.69
2018-04-12,126.62,15.52
2018-04-13,127.45,15.68
2018-04-16,127.63,15.72
2018-04-17,127.75,15.8
2018-04-18,127.85,16.18
2018-04-19,127.6,16.26
2018-04-20,126.63,16.129999
2018-04-23,125.62,15.67
2018-04-24,126.23,15.76
2018-04-25,125.41,15.61
2018-04-26,124.97,15.58
2018-04-27,125.5,15.57
2018-04-30,124.59,15.38
2018-05-01,123.71,15.24
2018-05-02,123.65,15.42
2018-05-03,124.28,15.46
2018-05-04,124.54,15.54
2018-05-07,124.57,15.52
2018-05-08,124.59,15.51
2018-05-09,124.33,15.53
2018-05-10,125.18,15.74
2018-05-11,125.0,15.7
2018-05-14,124.49,15.56
2018-05-15,122.48,15.33
2018-05-16,122.29,15.41
2018-05-17,122.36,15.47
2018-05-18,122.41,15.48
2018-05-21,122.48,15.54
2018-05-22,122.41,15.58
2018-05-23,122.54,15.5
2018-05-24,123.59,15.69
2018-05-25,123.21,15.53
2018-05-29,123.19,15.44
2018-05-30,123.37,15.55
2018-05-31,123.1,15.46
2018-06-01,122.49,15.44
2018-06-04,122.37,15.45
2018-06-05,122.85,15.52
2018-06-06,122.92,15.7
2018-06-07,122.86,15.72
2018-06-08,123.01,15.78
2018-06-11,123.23,15.94
2018-06-12,122.82,15.87
2018-06-13,123.19,16.08
2018-06-14,123.38,16.17
2018-06-15,121.34,15.6
2018-06-18,121.11,15.51
2018-06-19,120.8,15.36
2018-06-20,120.26,15.34
2018-06-21,120.05,15.36
2018-06-22,120.34,15.5
2018-06-25,119.89,15.37
2018-06-26,119.26,15.33
2018-06-27,118.58,15.12
2018-06-28,118.22,15.07
2018-06-29,118.65,15.15
2018-07-02,117.46,14.91
2018-07-03,118.65,15.03
2018-07-05,119.05,15.1
2018-07-06,118.86,15.08
2018-07-09,119.15,15.17
2018-07-10,118.93,15.12
2018-07-11,117.64,14.86
2018-07-12,118.13,15.0
2018-07-13,117.61,14.88
2018-07-16,117.55,14.85
2018-07-17,116.28,14.67
2018-07-18,116.31,14.63
2018-07-19,115.81,14.42
2018-07-20,116.56,14.59
2018-07-23,116.0,14.47
2018-07-24,116.04,14.58
2018-07-25,116.68,14.68
2018-07-26,115.77,14.49
2018-07-27,115.83,14.57
2018-07-30,115.65,14.58
2018-07-31,115.99,14.61
2018-08-01,115.14,14.48
2018-08-02,114.52,14.43
2018-08-03,114.92,14.5
2018-08-06,114.33,14.4
2018-08-07,114.59,14.43
2018-08-08,114.91,14.5
2018-08-09,114.74,14.52
2018-08-10,114.69,14.41
2018-08-13,112.96,14.1
2018-08-14,113.07,14.17
2018-08-15,111.19,13.57
2018-08-16,111.1,13.77
2018-08-17,112.13,13.92
2018-08-20,112.69,13.88
2018-08-21,113.02,13.89
2018-08-22,113.27,13.88
2018-08-23,112.2,13.65
2018-08-24,114.16,13.92
2018-08-27,114.59,13.99
2018-08-28,113.68,13.84
2018-08-29,114.2,13.87
2018-08-30,113.64,13.7
2018-08-31,113.51,13.65
2018-09-04,112.93,13.31
2018-09-05,113.32,13.35
2018-09-06,113.54,13.31
2018-09-07,113.23,13.32
2018-09-10,113.15,13.31
2018-09-11,113.22,13.28
2018-09-12,114.17,13.39
2018-09-13,113.76,13.35
2018-09-14,113.02,13.23
2018-09-17,113.61,13.31
2018-09-18,113.44,13.31
2018-09-19,113.88,13.4
2018-09-20,114.27,13.45
2018-09-21,113.49,13.44
2018-09-24,113.47,13.41
2018-09-25,113.65,13.59
2018-09-26,113.05,13.49
2018-09-27,112.05,13.41
2018-09-28,112.76,13.73
2018-10-01,112.57,13.62
2018-10-02,113.87,13.79
2018-10-03,113.42,13.78
2018-10-04,113.48,13.71
2018-10-05,113.8,13.75
2018-10-08,112.54,13.53
2018-10-09,112.6,13.53
2018-10-10,112.88,13.45
2018-10-11,115.78,13.67
2018-10-12,115.23,13.74
2018-10-15,116.0,13.8
2018-10-16,115.8,13.78
2018-10-17,115.79,13.74
2018-10-18,115.92,13.7
2018-10-19,116.01,13.74
2018-10-22,115.71,13.68
2018-10-23,116.39,13.83
2018-10-24,116.66,13.79
2018-10-25,116.4,13.74
2018-10-26,116.77,13.81
2018-10-29,116.31,13.59
2018-10-30,115.8,13.61
2018-10-31,115.15,13.41
2018-11-01,116.63,13.83
2018-11-02,116.65,13.86
2018-11-05,116.37,13.76
2018-11-06,116.04,13.65
2018-11-07,116.03,13.67
2018-11-08,115.78,13.56
2018-11-09,114.48,13.32
2018-11-12,113.66,13.17
2018-11-13,113.7,13.15
2018-11-14,114.64,13.28
2018-11-15,114.77,13.42
2018-11-16,115.62,13.53
2018-11-19,115.67,13.55
2018-11-20,115.67,13.45
2018-11-21,115.86,13.6
2018-11-23,115.77,13.42
2018-11-26,115.64,13.39
2018-11-27,114.95,13.29
2018-11-28,115.38,13.43
2018-11-29,115.74,13.43
2018-11-30,115.54,13.32
2018-12-03,116.41,13.49
2018-12-04,117.12,13.62
2018-12-06,117.14,13.6
2018-12-07,118.09,13.73
2018-12-10,117.68,13.65
2018-12-11,117.54,13.66
2018-12-12,117.79,13.82
2018-12-13,117.53,13.86
2018-12-14,117.06,13.7
2018-12-17,117.87,13.77
2018-12-18,118.15,13.75
2018-12-19,117.43,13.69
2018-12-20,119.24,13.85
2018-12-21,118.72,13.74
2018-12-24,120.02,13.87
2018-12-26,119.66,14.11
2018-12-27,120.57,14.3
2018-12-28,121.06,14.42
2018-12-31,121.25,14.52
2019-01-02,121.33,14.56
2019-01-03,122.43,14.75
2019-01-04,121.44,14.73
2019-01-07,121.86,14.67
2019-01-08,121.53,14.69
2019-01-09,122.31,14.78
2019-01-10,121.59,14.6
2019-01-11,121.8,14.64
2019-01-14,122.09,14.66
2019-01-15,121.88,14.6
2019-01-16,122.27,14.63
2019-01-17,122.11,14.57
2019-01-18,121.02,14.37
2019-01-22,121.45,14.39
2019-01-23,121.28,14.42
2019-01-24,121.09,14.36
2019-01-25,122.86,14.74
2019-01-28,123.29,14.79
2019-01-29,123.98,14.88
2019-01-30,124.69,15.05
2019-01-31,124.75,15.05
2019-02-01,124.5,14.92
2019-02-04,123.96,14.88
2019-02-05,124.28,14.87
2019-02-06,123.44,14.68
2019-02-07,123.74,14.77
2019-02-08,124.21,14.83
2019-02-11,123.6,14.72
2019-02-12,123.86,14.73
2019-02-13,123.37,14.59
2019-02-14,124.06,14.65
2019-02-15,124.8,14.82
2019-02-19,126.7,15.02
2019-02-20,126.48,15.07
2019-02-21,125.05,14.83
2019-02-22,125.5,14.95
2019-02-25,125.37,14.9
2019-02-26,125.58,14.94
2019-02-27,124.69,14.75
2019-02-28,123.99,14.63
2019-03-01,121.88,14.2
2019-03-04,121.56,14.15
2019-03-05,121.72,14.2
2019-03-06,121.61,14.15
2019-03-07,121.51,14.09
2019-03-08,122.84,14.41
2019-03-11,122.24,14.37
2019-03-12,122.98,14.48
2019-03-13,123.84,14.51
2019-03-14,122.41,14.24
2019-03-15,122.97,14.33
2019-03-18,123.04,14.39
2019-03-19,123.38,14.4
2019-03-20,124.18,14.54
2019-03-21,123.68,14.5
2019-03-22,123.97,14.45
2019-03-25,124.92,14.56
2019-03-26,124.3,14.47
2019-03-27,123.65,14.32
2019-03-28,121.9,14.07
2019-03-29,122.01,14.18
2019-04-01,121.53,14.15
2019-04-02,121.98,14.16
2019-04-03,121.8,14.2
2019-04-04,122.11,14.22
2019-04-05,121.98,14.17
2019-04-08,122.51,14.31
2019-04-09,123.15,14.28
2019-04-10,123.53,14.28
2019-04-11,121.95,14.02
2019-04-12,121.83,14.05
2019-04-15,121.6,14.06
2019-04-16,120.51,14.07
2019-04-17,120.28,14.05
2019-04-18,120.37,14.06
2019-04-22,120.37,14.08
2019-04-23,120.12,13.91
2019-04-24,120.47,14.0
2019-04-25,120.57,14.0
2019-04-26,121.37,14.1
2019-04-29,120.83,13.99
2019-04-30,121.2,14.02
2019-05-01,120.4,13.75
2019-05-02,119.94,13.71
2019-05-03,120.65,13.96
2019-05-06,120.81,13.98
2019-05-07,121.21,13.98
2019-05-08,120.91,13.89
2019-05-09,121.2,13.83
2019-05-10,121.43,13.84
2019-05-13,122.67,13.84
2019-05-14,122.46,13.86
2019-05-15,122.39,13.85
2019-05-16,121.51,13.65
2019-05-17,120.65,13.52
2019-05-20,120.64,13.55
2019-05-21,120.36,13.53
2019-05-22,120.24,13.54
2019-05-23,121.17,13.68
2019-05-24,121.3,13.65
2019-05-28,120.83,13.46
2019-05-29,120.87,13.52
2019-05-30,121.69,13.6
2019-05-31,123.33,13.65
2019-06-03,125.11,13.87
2019-06-04,125.15,13.89
2019-06-05,125.47,13.88
2019-06-06,125.88,13.92
2019-06-07,126.59,14.06
2019-06-10,125.33,13.78
2019-06-11,125.18,13.81
2019-06-12,125.83,13.84
2019-06-13,126.6,13.96
2019-06-14,126.56,13.91
2019-06-17,126.48,13.9
2019-06-18,127.12,14.05
2019-06-19,127.89,14.17
2019-06-20,131.11,14.45
2019-06-21,131.98,14.36
2019-06-24,133.94,14.46
2019-06-25,134.2,14.38
2019-06-26,132.97,14.32
2019-06-27,132.84,14.28
2019-06-28,133.2,14.33
2019-07-01,130.62,14.18
2019-07-02,133.41,14.29
2019-07-03,133.63,14.32
2019-07-05,132.14,14.06
2019-07-08,131.29,14.05
2019-07-09,131.75,14.14
2019-07-10,133.83,14.26
2019-07-11,132.7,14.17
2019-07-12,133.53,14.26
2019-07-15,133.53,14.42
2019-07-16,132.4,14.54
2019-07-17,134.58,14.94
2019-07-18,136.48,15.29
2019-07-19,134.47,15.17
2019-07-22,134.45,15.35
2019-07-23,133.69,15.34
2019-07-24,134.37,15.52
2019-07-25,133.42,15.36
2019-07-26,133.64,15.31
2019-07-29,134.53,15.4
2019-07-30,134.98,15.5
2019-07-31,133.21,15.21
2019-08-01,136.41,15.34
2019-08-02,135.89,15.19
2019-08-05,137.79,15.33
2019-08-06,138.91,15.38
2019-08-07,141.02,15.97
2019-08-08,141.73,15.89
2019-08-09,141.26,15.89
2019-08-12,142.63,15.98
2019-08-13,141.78,15.87
2019-08-14,142.75,16.08
2019-08-15,143.7,16.129999
2019-08-16,142.78,16.02
2019-08-19,141.11,15.79
2019-08-20,142.21,16.049999
2019-08-21,141.76,16.049999
2019-08-22,141.4,15.97
2019-08-23,144.17,16.35
2019-08-26,144.19,16.52
2019-08-27,145.57,17.03
2019-08-28,145.16,17.17
2019-08-29,144.12,17.07
2019-08-30,143.75,17.15
2019-09-03,145.75,17.889999
2019-09-04,146.66,18.34
2019-09-05,143.14,17.41
2019-09-06,141.92,16.87
2019-09-09,141.39,16.83
2019-09-10,140.18,16.85
2019-09-11,141.03,16.95
2019-09-12,141.32,16.92
2019-09-13,140.15,16.309999
2019-09-16,141.32,16.74
2019-09-17,141.6,16.86
2019-09-18,140.71,16.549999
2019-09-19,141.28,16.62
2019-09-20,142.95,16.799999
2019-09-23,143.75,17.51
2019-09-24,144.51,17.44
2019-09-25,141.83,16.709999
2019-09-26,141.79,16.67
2019-09-27,141.06,16.36
2019-09-30,138.87,15.92
2019-10-01,139.63,16.15
2019-10-02,141.26,16.43
2019-10-03,141.9,16.43
2019-10-04,141.9,16.41
2019-10-07,140.69,16.299999
2019-10-08,141.92,16.61
2019-10-09,142.05,16.6
2019-10-10,140.81,16.37
2019-10-11,140.03,16.37
2019-10-14,140.59,16.49
2019-10-15,139.61,16.27
2019-10-16,140.41,16.26
2019-10-17,140.61,16.4
2019-10-18,140.46,16.41
2019-10-21,139.79,16.41
2019-10-22,140.2,16.37
2019-10-23,140.53,16.389999
2019-10-24,141.53,16.65
2019-10-25,141.86,16.889999
2019-10-28,140.64,16.68
2019-10-29,140.25,16.65
2019-10-30,141.02,16.73
2019-10-31,142.43,16.92
2019-11-01,142.56,16.92
2019-11-04,142.15,16.85
2019-11-05,139.85,16.44
2019-11-06,140.45,16.469999
2019-11-07,138.27,16.0
2019-11-08,137.39,15.7
2019-11-11,137.06,15.75
2019-11-12,137.43,15.72
2019-11-13,137.98,15.83
2019-11-14,138.56,15.9
2019-11-15,138.21,15.85
2019-11-18,138.62,15.92
2019-11-19,138.69,16.02
2019-11-20,138.76,16.04
2019-11-21,138.0,15.99
2019-11-22,137.74,15.9
2019-11-25,137.08,15.78
2019-11-26,137.74,15.99
2019-11-27,137.01,15.84
2019-11-29,137.86,15.92
2019-12-02,137.79,15.8
2019-12-03,139.11,16.049999
2019-12-04,138.92,15.76
2019-12-05,139.0,15.85
2019-12-06,137.62,15.48
2019-12-09,137.58,15.5
2019-12-10,137.97,15.57
2019-12-11,138.92,15.75
2019-12-12,138.43,15.85
2019-12-13,139.05,15.84
2019-12-16,139.04,15.91
2019-12-17,139.01,15.88
2019-12-18,139.02,15.9
2019-12-19,139.38,15.94
2019-12-20,139.52,16.04
2019-12-23,139.95,16.28
2019-12-24,141.27,16.58
2019-12-26,142.38,16.73
2019-12-27,142.33,16.58
2019-12-30,142.63,16.74
2019-12-31,142.9,16.68
2020-01-02,143.95,16.809999
2020-01-03,145.86,16.84
2020-01-06,147.39,16.94
2020-01-07,147.97,17.17
2020-01-08,146.86,16.93
2020-01-09,146.03,16.719999
2020-01-10,146.91,16.889999
2020-01-13,145.82,16.78
2020-01-14,145.69,16.62
2020-01-15,146.54,16.809999
2020-01-16,146.31,16.77
2020-01-17,146.58,16.82
2020-01-21,146.74,16.639999
2020-01-22,146.79,16.66
2020-01-23,147.12,16.61
2020-01-24,147.98,16.91
2020-01-27,148.99,16.889999
2020-01-28,147.66,16.32
2020-01-29,148.46,16.41
2020-01-30,148.47,16.68
2020-01-31,149.33,16.82
2020-02-03,148.36,16.5
2020-02-04,146.43,16.45
2020-02-05,146.61,16.459999
2020-02-06,147.4,16.629999
2020-02-07,147.79,16.54
2020-02-10,148.17,16.61
2020-02-11,147.66,16.48
2020-02-12,147.54,16.33
2020-02-13,148.38,16.459999
2020-02-14,149.0,16.559999
2020-02-18,150.91,17.01
2020-02-19,151.79,17.23
2020-02-20,152.41,17.139999
2020-02-21,154.7,17.28
2020-02-24,156.09,17.4
2020-02-25,153.3,16.709999
2020-02-26,153.97,16.68
2020-02-27,154.0,16.469999
2020-02-28,148.38,15.53
2020-03-02,149.2,15.56
2020-03-03,153.89,16.02
2020-03-04,154.16,16.09
2020-03-05,157.49,16.299999
2020-03-06,157.55,16.18
2020-03-09,157.81,15.88
2020-03-10,154.48,15.73
2020-03-11,153.93,15.63
2020-03-12,147.79,14.62
2020-03-13,143.28,13.69
2020-03-16,141.64,12.0
2020-03-17,143.56,11.88
2020-03-18,140.7,11.21
2020-03-19,138.04,11.32
2020-03-20,140.11,11.62
2020-03-23,146.3,12.31
2020-03-24,153.4,13.29
2020-03-25,151.3,13.51
2020-03-26,153.24,13.53
2020-03-27,152.25,13.44
2020-03-30,152.92,13.16
2020-03-31,148.05,13.05
2020-04-01,149.45,13.02
2020-04-02,151.9,13.53
2020-04-03,152.65,13.46
2020-04-06,156.88,14.03
2020-04-07,156.04,13.99
2020-04-08,154.65,13.94
2020-04-09,158.69,14.34
2020-04-13,161.41,14.4
2020-04-14,162.68,14.65
2020-04-15,161.85,14.49
2020-04-16,161.71,14.51
2020-04-17,158.57,14.15
2020-04-20,159.7,14.26
2020-04-21,158.61,13.88
2020-04-22,161.73,14.09
2020-04-23,163.34,14.21
2020-04-24,162.64,14.21
2020-04-27,161.56,14.21
2020-04-28,160.84,14.1
2020-04-29,161.73,14.28
2020-04-30,158.8,13.98
2020-05-01,159.78,13.92
2020-05-04,160.34,13.77
2020-05-05,161.02,13.93
2020-05-06,158.95,13.92
2020-05-07,161.39,14.26
2020-05-08,160.42,14.44
2020-05-11,159.42,14.44
2020-05-12,160.04,14.42
2020-05-13,161.58,14.55
2020-05-14,163.01,14.81
2020-05-15,163.93,15.51
2020-05-18,162.69,15.79
2020-05-19,164.26,16.17
2020-05-20,164.65,16.36
2020-05-21,162.25,15.96
2020-05-22,163.21,16.04
2020-05-26,160.89,15.97
2020-05-27,161.18,16.15
2020-05-28,161.72,16.19
2020-05-29,162.91,16.66
2020-06-01,163.66,17.1
2020-06-02,162.6,16.84
2020-06-03,159.6,16.48
2020-06-04,161.28,16.54
2020-06-05,158.01,16.2
2020-06-08,159.72,16.59
2020-06-09,161.26,16.42
2020-06-10,163.57,16.959999
2020-06-11,162.39,16.44
2020-06-12,162.62,16.28
2020-06-15,162.33,16.23
2020-06-16,162.25,16.26
2020-06-17,162.56,16.33
2020-06-18,162.24,16.209999
2020-06-19,164.03,16.49
2020-06-22,165.09,16.5
2020-06-23,166.48,16.76
2020-06-24,165.9,16.28
2020-06-25,165.8,16.59
2020-06-26,166.54,16.629999
2020-06-29,166.63,16.65
2020-06-30,167.37,17.01
2020-07-01,166.62,16.82
2020-07-02,166.98,16.709999
2020-07-06,167.98,17.049999
2020-07-07,169.04,17.01
2020-07-08,170.09,17.49
2020-07-09,169.63,17.379999
2020-07-10,169.19,17.43
2020-07-13,169.4,17.73
2020-07-14,170.19,17.969999
2020-07-15,170.34,18.17
2020-07-16,168.73,17.78
2020-07-17,170.12,18.01
2020-07-20,170.94,18.53
2020-07-21,173.0,19.67
2020-07-22,175.63,21.44
2020-07-23,177.18,21.03
2020-07-24,178.7,21.209999
2020-07-27,182.23,22.83
2020-07-28,183.75,22.77
2020-07-29,185.13,22.57
2020-07-30,183.76,21.76
2020-07-31,185.43,22.65
2020-08-03,185.64,22.74
2020-08-04,189.59,24.25
2020-08-05,191.35,25.049999
2020-08-06,193.89,26.879999
2020-08-07,190.81,26.19
2020-08-10,190.15,27.0
2020-08-11,179.94,23.33
2020-08-12,179.1,23.42
2020-08-13,183.33,25.45
2020-08-14,182.54,24.58
2020-08-17,186.5,25.62
2020-08-18,188.18,25.879999
2020-08-19,182.24,24.879999
2020-08-20,183.5,25.61
2020-08-21,182.03,24.9
2020-08-24,181.0,24.6
2020-08-25,181.22,24.76
2020-08-26,183.36,25.57
2020-08-27,181.24,25.16
2020-08-28,184.39,25.61
2020-08-31,184.83,26.23
2020-09-01,185.05,26.139999
2020-09-02,182.62,25.549999
2020-09-03,181.14,24.74
2020-09-04,181.64,25.059999
2020-09-08,181.29,24.75
2020-09-09,183.05,25.18
2020-09-10,182.46,24.86
2020-09-11,182.45,24.9
2020-09-14,183.89,25.29
2020-09-15,183.45,25.23
2020-09-16,183.97,25.23
2020-09-17,182.96,25.23
2020-09-18,183.2,24.93
2020-09-21,179.52,23.03
2020-09-22,178.65,22.79
2020-09-23,174.79,21.17
2020-09-24,175.44,21.559999
2020-09-25,174.94,21.299999
2020-09-28,176.7,22.02
2020-09-29,178.19,22.5
2020-09-30,177.12,21.639999
2020-10-01,178.7,22.09
2020-10-02,178.54,22.129999
2020-10-05,179.41,22.62
2020-10-06,177.3,21.73
2020-10-07,177.22,22.09
2020-10-08,177.85,22.18
2020-10-09,181.08,23.41
2020-10-12,180.56,23.33
2020-10-13,177.72,22.49
2020-10-14,178.27,22.54
2020-10-15,178.92,22.59
2020-10-16,178.3,22.42
2020-10-19,178.39,22.58
2020-10-20,179.25,23.02
2020-10-21,180.6,23.29
2020-10-22,178.83,22.959999
2020-10-23,178.64,22.94
2020-10-26,178.55,22.61
2020-10-27,179.02,22.73
2020-10-28,176.13,21.78
2020-10-29,175.4,21.709999
2020-10-30,176.2,21.99
2020-11-02,177.91,22.41
2020-11-03,178.92,22.44
2020-11-04,178.82,22.24
2020-11-05,182.93,23.61
2020-11-06,183.19,23.79
2020-11-09,175.08,22.5
2020-11-10,175.66,22.43
2020-11-11,174.9,22.52
2020-11-12,175.96,22.549999
2020-11-13,177.16,22.9
2020-11-16,177.15,23.02
2020-11-17,176.5,22.74
2020-11-18,175.49,22.549999
2020-11-19,175.16,22.42
2020-11-20,175.69,22.49
2020-11-23,172.23,21.93
2020-11-24,169.59,21.629999
2020-11-25,169.51,21.719999
2020-11-27,167.79,21.049999
2020-11-30,166.67,21.049999
2020-12-01,170.18,22.299999
2020-12-02,171.46,22.33
2020-12-03,172.81,22.43
2020-12-04,172.32,22.48
2020-12-07,174.89,22.82
2020-12-08,175.5,22.82
2020-12-09,172.5,22.23
2020-12-10,172.17,22.32
2020-12-11,172.49,22.26
2020-12-14,171.54,22.16
2020-12-15,173.94,22.799999
2020-12-16,174.9,23.62
2020-12-17,176.74,24.15
2020-12-18,176.44,23.959999
2020-12-21,175.88,24.379999
2020-12-22,174.49,23.43
2020-12-23,175.65,23.799999
2020-12-24,176.35,23.959999
2020-12-28,175.71,24.43
2020-12-29,176.35,24.389999
2020-12-30,177.7,24.76
2020-12-31,178.36,24.57
2021-01-04,182.33,25.35
2021-01-05,182.87,25.67
2021-01-06,179.9,25.34
2021-01-07,179.48,25.26
2021-01-08,173.34,23.51
2021-01-11,173.0,23.209999
2021-01-12,174.12,23.719999
2021-01-13,173.37,23.44
2021-01-14,173.28,23.709999
2021-01-15,171.13,22.95
2021-01-19,172.58,23.379999
2021-01-20,175.39,24.01
2021-01-21,175.28,24.15
2021-01-22,173.9,23.66
2021-01-25,174.05,23.549999
2021-01-26,173.62,23.65
2021-01-27,172.52,23.42
2021-01-28,172.68,24.719999
2021-01-29,172.61,24.99
2021-02-01,174.23,26.76
2021-02-02,172.11,24.54
2021-02-03,171.85,24.93
2021-02-04,168.15,24.48
2021-02-05,169.81,24.95
2021-02-08,171.52,25.389999
2021-02-09,172.08,25.28
2021-02-10,172.71,25.07
2021-02-11,171.21,25.09
2021-02-12,170.69,25.309999
2021-02-16,168.24,25.26
2021-02-17,166.33,25.4
2021-02-18,166.32,25.059999
2021-02-19,167.01,25.26
2021-02-22,169.51,26.27
2021-02-23,169.12,25.709999
2021-02-24,169.0,25.94
2021-02-25,165.82,25.4
2021-02-26,161.81,24.66
2021-03-01,161.53,24.6
2021-03-02,162.41,24.799999
2021-03-03,160.62,24.28
2021-03-04,159.04,23.559999
2021-03-05,159.14,23.36
2021-03-08,157.49,23.32
2021-03-09,160.84,24.049999
2021-03-10,161.66,24.32
2021-03-11,161.52,24.25
2021-03-12,161.49,24.03
2021-03-15,162.2,24.33
2021-03-16,162.35,24.1
2021-03-17,163.51,24.42
2021-03-18,162.56,24.1
2021-03-19,163.24,24.309999
2021-03-22,163.0,23.94
2021-03-23,161.81,23.219999
2021-03-24,162.37,23.24
2021-03-25,161.78,23.29
2021-03-26,162.24,23.23
2021-03-29,160.31,22.91
2021-03-30,157.57,22.26
2021-03-31,159.96,22.7
2021-04-01,161.98,23.15
2021-04-05,161.92,23.09
2021-04-06,163.22,23.34
2021-04-07,162.76,23.33
2021-04-08,164.51,23.62
2021-04-09,163.27,23.41
2021-04-12,162.28,23.04
2021-04-13,163.43,23.51
2021-04-14,162.72,23.59
2021-04-15,165.35,24.03
2021-04-16,166.35,24.09
2021-04-19,165.89,23.98
2021-04-20,166.48,23.959999
2021-04-21,168.13,24.7
2021-04-22,167.04,24.209999
2021-04-23,166.4,24.139999
2021-04-26,166.84,24.299999
2021-04-27,166.42,24.389999
2021-04-28,166.91,24.4
2021-04-29,166.22,24.25
2021-04-30,165.66,24.01
2021-05-03,167.81,24.959999
2021-05-04,166.58,24.57
2021-05-05,167.27,24.57
2021-05-06,170.06,25.37
2021-05-07,171.59,25.469999
2021-05-10,172.11,25.35
2021-05-11,172.14,25.67
2021-05-12,170.43,25.09
2021-05-13,171.13,25.16
2021-05-14,172.69,25.459999
2021-05-17,174.7,26.19
2021-05-18,175.04,26.15
2021-05-19,175.16,25.73
2021-05-20,175.96,25.79
2021-05-21,176.04,25.53
2021-05-24,176.35,25.75
2021-05-25,177.95,25.99
2021-05-26,177.64,25.67
2021-05-27,177.71,25.85
2021-05-28,178.38,25.9
2021-06-01,177.9,25.84
2021-06-02,178.77,26.15
2021-06-03,175.27,25.459999
2021-06-04,177.16,25.78
2021-06-07,177.87,25.9
2021-06-08,177.32,25.61
2021-06-09,176.98,25.78
2021-06-10,177.74,25.969999
2021-06-11,175.74,25.87
2021-06-14,174.71,25.84
2021-06-15,174.05,25.65
2021-06-16,171.11,25.26
2021-06-17,165.85,24.049999
2021-06-18,164.93,23.879999
2021-06-21,166.95,24.08
2021-06-22,166.25,23.85
2021-06-23,166.14,23.93
2021-06-24,166.04,24.04
2021-06-25,166.59,24.18
2021-06-28,166.58,24.209999
2021-06-29,164.83,23.889999
2021-06-30,165.63,24.219999
2021-07-01,166.2,24.11
2021-07-02,167.29,24.549999
2021-07-06,168.12,24.23
2021-07-07,168.76,24.24
2021-07-08,168.65,24.01
2021-07-09,169.21,24.19
2021-07-12,169.0,24.28
2021-07-13,169.22,24.08
2021-07-14,171.04,24.33
2021-07-15,171.07,24.379999
2021-07-16,169.41,23.77
2021-07-19,169.61,23.29
2021-07-20,169.39,23.139999
2021-07-21,168.76,23.42
2021-07-22,169.09,23.559999
2021-07-23,168.56,23.35
2021-07-26,168.16,23.36
2021-07-27,168.44,22.959999
2021-07-28,169.29,23.17
2021-07-29,171.17,23.719999
2021-07-30,169.82,23.629999
2021-08-02,169.61,23.53
2021-08-03,169.49,23.68
2021-08-04,169.53,23.54
2021-08-05,168.86,23.299999
2021-08-06,164.64,22.52
2021-08-09,161.72,21.75
2021-08-10,161.77,21.62
2021-08-11,164.0,21.84
2021-08-12,164.04,21.5
2021-08-13,166.39,21.969999
2021-08-16,167.22,22.1
2021-08-17,166.97,21.9
2021-08-18,167.1,21.76
2021-08-19,166.61,21.51
2021-08-20,166.7,21.35
2021-08-23,168.73,21.879999
2021-08-24,168.65,22.08
2021-08-25,167.48,22.09
2021-08-26,167.67,21.85
2021-08-27,170.19,22.33
2021-08-30,169.35,22.26
2021-08-31,169.69,22.139999
2021-09-01,169.7,22.37
2021-09-02,169.25,22.139999
2021-09-03,171.06,22.879999
2021-09-07,167.71,22.51
2021-09-08,167.29,22.17
2021-09-09,168.03,22.27
2021-09-10,167.18,21.99
2021-09-13,167.74,21.99
2021-09-14,168.82,22.1
2021-09-15,167.83,22.07
2021-09-16,164.03,21.25
2021-09-17,163.77,20.74
2021-09-20,164.94,20.59
2021-09-21,166.04,20.84
2021-09-22,165.42,20.99
2021-09-23,163.51,20.91
2021-09-24,163.3,20.709999
2021-09-27,163.64,20.94
2021-09-28,162.05,20.78
2021-09-29,161.32,19.95
2021-09-30,164.22,20.52
2021-10-01,164.59,20.83
2021-10-04,165.36,20.98
2021-10-05,164.59,20.92
2021-10-06,165.03,20.959999
2021-10-07,164.16,20.9
2021-10-08,164.23,20.95
2021-10-11,163.92,20.879999
2021-10-12,164.66,20.93
2021-10-13,167.59,21.33
2021-10-14,168.0,21.799999
2021-10-15,165.33,21.58
2021-10-18,164.92,21.49
2021-10-19,165.45,21.889999
2021-10-20,166.9,22.53
2021-10-21,166.75,22.35
2021-10-22,167.77,22.54
2021-10-25,168.93,22.74
2021-10-26,167.68,22.37
2021-10-27,168.12,22.29
2021-10-28,168.08,22.27
2021-10-29,166.65,22.09
2021-11-01,167.52,22.23
2021-11-02,167.16,21.799999
2021-11-03,165.77,21.809999
2021-11-04,167.65,22.0
2021-11-05,169.84,22.35
2021-11-08,170.45,22.65
2021-11-09,171.29,22.53
2021-11-10,173.15,22.87
2021-11-11,174.12,23.35
2021-11-12,174.45,23.42
2021-11-15,174.18,23.24
2021-11-16,172.92,22.959999
2021-11-17,174.5,23.17
2021-11-18,173.94,22.959999
2021-11-19,172.61,22.75
2021-11-22,168.74,22.34
2021-11-23,167.28,21.92
2021-11-24,167.12,21.79
2021-11-26,166.85,21.37
2021-11-29,166.62,21.16
2021-11-30,165.5,21.059999
2021-12-01,166.16,20.57
2021-12-02,165.24,20.69
2021-12-03,166.63,20.85
2021-12-06,166.22,20.709999
2021-12-07,166.81,20.809999
2021-12-08,166.9,20.76
2021-12-09,165.88,20.299999
2021-12-10,166.58,20.5
2021-12-13,167.0,20.61
2021-12-14,165.44,20.309999
2021-12-15,166.15,20.41
2021-12-16,168.16,20.79
2021-12-17,167.8,20.68
2021-12-20,167.09,20.57
2021-12-21,167.02,20.77
2021-12-22,168.59,21.1
2021-12-23,168.97,21.16
2021-12-27,169.37,21.33
2021-12-28,168.64,21.27
2021-12-29,168.59,21.11
2021-12-30,169.8,21.34
2021-12-31,170.96,21.51
2022-01-03,168.33,21.18
2022-01-04,169.57,21.32
2022-01-05,169.06,21.0
2022-01-06,166.99,20.51
2022-01-07,167.75,20.62
2022-01-10,168.26,20.76
2022-01-11,170.29,21.049999
2022-01-12,170.74,21.45
2022-01-13,170.16,21.33
2022-01-14,169.67,21.2
2022-01-18,169.39,21.69
2022-01-19,172.08,22.37
2022-01-20,171.65,22.62
2022-01-21,171.09,22.379999
2022-01-24,172.03,22.11
2022-01-25,172.58,22.02
2022-01-26,169.79,21.719999
2022-01-27,167.6,21.02
2022-01-28,167.1,20.709999
2022-01-31,168.09,20.799999
2022-02-01,168.23,20.94
2022-02-02,168.84,20.93
2022-02-03,168.6,20.709999
2022-02-04,168.86,20.79
2022-02-07,170.11,21.27
2022-02-08,170.63,21.45
2022-02-09,171.21,21.53
2022-02-10,170.56,21.42
2022-02-11,173.81,21.83
2022-02-14,174.74,22.049999
2022-02-15,173.08,21.61
2022-02-16,174.86,21.87
2022-02-17,177.25,22.04
2022-02-18,177.12,22.12
2022-02-22,177.49,22.309999
2022-02-23,178.29,22.73
2022-02-24,177.14,22.309999
2022-02-25,176.55,22.4
2022-02-28,178.38,22.62
2022-03-01,181.62,23.54
2022-03-02,179.73,23.37
2022-03-03,180.8,23.29
2022-03-04,183.68,23.639999
2022-03-07,186.41,23.7
2022-03-08,191.51,24.45
2022-03-09,185.82,23.799999
2022-03-10,186.4,24.01
2022-03-11,185.09,23.87
2022-03-14,182.3,23.16
2022-03-15,178.89,23.0
2022-03-16,180.01,23.11
2022-03-17,180.89,23.33
2022-03-18,179.3,23.02
2022-03-21,180.67,23.28
2022-03-22,179.36,22.879999
2022-03-23,181.81,23.24
2022-03-24,183.13,23.61
2022-03-25,182.38,23.48
2022-03-28,179.06,22.93
2022-03-29,179.14,22.91
2022-03-30,180.58,22.94
2022-03-31,180.65,22.879999
2022-04-01,179.5,22.74
2022-04-04,180.37,22.629999
2022-04-05,179.24,22.36
2022-04-06,179.66,22.57
2022-04-07,180.34,22.7
2022-04-08,181.47,22.82
2022-04-11,182.37,23.15
2022-04-12,183.77,23.469999
2022-04-13,184.65,23.75
2022-04-14,184.04,23.639999
2022-04-18,184.61,23.87
2022-04-19,181.82,23.24
2022-04-20,182.71,23.28
2022-04-21,182.06,22.79
2022-04-22,180.29,22.309999
2022-04-25,177.05,21.83
2022-04-26,177.32,21.65
2022-04-27,175.98,21.49
2022-04-28,176.93,21.42
2022-04-29,176.91,21.04
2022-05-02,173.63,20.87
2022-05-03,174.09,20.83
2022-05-04,175.8,21.28
2022-05-05,175.13,20.78
2022-05-06,175.42,20.66
2022-05-09,172.88,20.03
2022-05-10,171.42,19.549999
2022-05-11,172.82,19.87
2022-05-12,170.17,19.12
2022-05-13,168.79,19.42
2022-05-16,170.4,19.93
2022-05-17,169.33,19.92
2022-05-18,169.42,19.73
2022-05-19,171.91,20.27
2022-05-20,172.03,20.07
2022-05-23,172.83,20.1
2022-05-24,174.13,20.389999
2022-05-25,173.08,20.34
2022-05-26,172.76,20.309999
2022-05-27,172.85,20.36
2022-05-31,171.14,19.84
2022-06-01,172.23,20.129999
2022-06-02,174.35,20.59
2022-06-03,172.58,20.23
2022-06-06,171.82,20.37
2022-06-07,172.94,20.52
2022-06-08,172.78,20.35
2022-06-09,172.23,19.969999
2022-06-10,174.54,20.19
2022-06-13,169.93,19.5
2022-06-14,168.57,19.37
2022-06-15,170.77,19.959999
2022-06-16,172.69,20.24
2022-06-17,171.27,19.98
2022-06-21,170.63,19.98
2022-06-22,171.31,19.76
2022-06-23,170.26,19.37
2022-06-24,170.09,19.51
2022-06-27,169.9,19.49
2022-06-28,169.62,19.19
2022-06-29,169.49,19.139999
2022-06-30,168.46,18.639999
2022-07-01,168.32,18.309999
2022-07-05,164.75,17.73
2022-07-06,162.14,17.69
2022-07-07,162.23,17.75
2022-07-08,162.3,17.79
2022-07-11,161.43,17.58
2022-07-12,160.83,17.44
2022-07-13,161.6,17.69
2022-07-14,159.33,17.0
2022-07-15,159.01,17.19
2022-07-18,159.16,17.219999
2022-07-19,159.54,17.29
2022-07-20,158.04,17.19
2022-07-21,160.27,17.4
2022-07-22,160.67,17.139999
2022-07-25,160.23,16.98
2022-07-26,160.04,17.16
2022-07-27,161.67,17.6
2022-07-28,163.64,18.43
2022-07-29,164.1,18.7
2022-08-01,165.03,18.79
2022-08-02,164.05,18.41
2022-08-03,164.45,18.49
2022-08-04,167.17,18.639999
2022-08-05,165.29,18.33
2022-08-08,166.69,19.03
2022-08-09,167.2,18.93
2022-08-10,166.78,18.95
2022-08-11,166.34,18.67
2022-08-12,167.87,19.17
2022-08-15,165.71,18.68
2022-08-16,165.42,18.57
2022-08-17,164.35,18.25
2022-08-18,163.92,18.04
2022-08-19,162.72,17.549999
2022-08-22,161.64,17.5
2022-08-23,162.77,17.62
2022-08-24,163.25,17.629999
2022-08-25,163.75,17.73
2022-08-26,161.76,17.36
2022-08-29,161.86,17.29
2022-08-30,160.51,16.959999
2022-08-31,159.27,16.58
2022-09-01,157.87,16.379999
2022-09-02,159.26,16.57
2022-09-06,158.33,16.54
2022-09-07,159.94,17.0
2022-09-08,158.98,17.03
2022-09-09,159.82,17.32
2022-09-12,160.63,18.17
2022-09-13,158.54,17.83
2022-09-14,157.93,18.0
2022-09-15,154.98,17.629999
2022-09-16,155.84,17.99
2022-09-19,155.96,17.99
2022-09-20,155.07,17.73
2022-09-21,155.79,18.059999
2022-09-22,155.7,18.09
2022-09-23,153.01,17.36
2022-09-26,151.23,16.92
2022-09-27,151.54,16.9
2022-09-28,154.69,17.45
2022-09-29,154.66,17.37
2022-09-30,154.67,17.5
2022-10-03,158.43,19.1
2022-10-04,160.7,19.36
2022-10-05,159.81,18.99
2022-10-06,159.63,19.04
2022-10-07,157.88,18.5
2022-10-10,155.48,18.09
2022-10-11,155.16,17.68
2022-10-12,155.99,17.59
2022-10-13,154.91,17.389999
2022-10-14,152.98,16.809999
2022-10-17,153.42,17.12
2022-10-18,153.75,17.23
2022-10-19,151.69,17.01
2022-10-20,151.45,17.17
2022-10-21,154.15,17.76
2022-10-24,153.65,17.68
2022-10-25,154.0,17.86
2022-10-26,154.98,17.98
2022-10-27,154.74,17.98
2022-10-28,153.16,17.74
2022-10-31,151.91,17.62
2022-11-01,153.46,18.049999
2022-11-02,152.39,17.73
2022-11-03,151.81,17.94
2022-11-04,156.47,19.26
2022-11-07,155.85,19.15
2022-11-08,159.45,19.7
2022-11-09,158.65,19.36
2022-11-10,163.48,19.969999
2022-11-11,164.56,19.95
2022-11-14,164.92,20.24
2022-11-15,165.5,19.879999
2022-11-16,165.12,19.74
2022-11-17,163.92,19.29
2022-11-18,162.79,19.25
2022-11-21,161.88,19.2
2022-11-22,162.07,19.43
2022-11-23,163.08,19.809999
2022-11-25,163.22,19.719999
2022-11-28,161.93,19.26
2022-11-29,162.73,19.559999
2022-11-30,164.81,20.43
2022-12-01,167.84,20.98
2022-12-02,167.26,21.29
2022-12-05,164.39,20.44
2022-12-06,164.84,20.44
2022-12-07,166.33,20.92
2022-12-08,166.47,21.209999
2022-12-09,167.06,21.559999
2022-12-12,165.68,21.459999
2022-12-13,168.51,21.83
2022-12-14,168.1,21.99
2022-12-15,165.35,21.24
2022-12-16,166.79,21.37
2022-12-19,166.32,21.12
2022-12-20,169.08,22.23
2022-12-21,168.8,22.07
2022-12-22,166.76,21.69
2022-12-23,167.26,21.85
2022-12-27,168.67,22.11
2022-12-28,167.91,21.6
2022-12-29,168.85,21.969999
2022-12-30,169.64,22.02
2023-01-03,171.06,22.049999
2023-01-04,172.67,21.889999
2023-01-05,170.52,21.389999
2023-01-06,173.71,21.92
2023-01-09,174.1,21.74
2023-01-10,174.74,21.73
2023-01-11,174.62,21.549999
2023-01-12,176.64,21.879999
2023-01-13,178.76,22.33
2023-01-17,177.59,22.01
2023-01-18,177.08,21.57
2023-01-19,179.89,21.959999
2023-01-20,179.29,22.02
2023-01-23,179.63,21.58
2023-01-24,180.28,21.76
2023-01-25,181.11,21.969999
2023-01-26,179.47,21.99
2023-01-27,179.22,21.68
2023-01-30,178.76,21.66
2023-01-31,179.41,21.83
2023-02-01,181.67,22.08
2023-02-02,177.9,21.57
2023-02-03,173.46,20.57
2023-02-06,173.82,20.48
2023-02-07,173.98,20.379999
2023-02-08,174.41,20.48
2023-02-09,173.03,20.18
2023-02-10,173.36,20.24
2023-02-13,172.48,20.2
2023-02-14,172.61,20.12
2023-02-15,170.89,19.889999
2023-02-16,170.75,19.84
2023-02-17,171.26,20.01
2023-02-21,170.62,20.07
2023-02-22,169.66,19.75
2023-02-23,169.57,19.629999
2023-02-24,168.35,19.09
2023-02-27,169.01,18.93
2023-02-28,169.78,19.219999
2023-03-01,170.76,19.29
2023-03-02,170.66,19.24
2023-03-03,172.49,19.549999
2023-03-06,171.62,19.32
2023-03-07,168.62,18.45
2023-03-08,168.54,18.4
2023-03-09,170.2,18.44
2023-03-10,173.87,18.86
2023-03-13,177.86,20.0
2023-03-14,176.83,19.889999
2023-03-15,178.21,20.0
2023-03-16,178.57,19.92
2023-03-17,183.77,20.629999
2023-03-20,183.84,20.69
2023-03-21,180.37,20.54
2023-03-22,183.44,21.1
2023-03-23,185.74,21.28
2023-03-24,183.65,21.219999
2023-03-27,181.95,21.219999
2023-03-28,183.44,21.43
2023-03-29,182.53,21.44
2023-03-30,184.18,21.94
2023-03-31,183.22,22.12
2023-04-03,184.54,22.059999
2023-04-04,187.98,22.969999
2023-04-05,187.83,22.94
2023-04-06,186.49,22.889999
2023-04-10,185.11,22.879999
2023-04-11,186.28,23.04
2023-04-12,187.19,23.43
2023-04-13,189.72,23.74
2023-04-14,186.36,23.309999
2023-04-17,185.53,23.02
2023-04-18,186.25,23.15
2023-04-19,185.36,23.23
2023-04-20,186.09,23.17
2023-04-21,184.25,22.98
2023-04-24,184.81,23.08
2023-04-25,185.75,22.99
2023-04-26,184.74,22.83
2023-04-27,184.75,22.889999
2023-04-28,184.8,23.0
2023-05-01,183.97,22.889999
2023-05-02,187.52,23.35
2023-05-03,189.11,23.43
2023-05-04,190.44,23.94
2023-05-05,187.46,23.57
2023-05-08,187.69,23.49
2023-05-09,189.02,23.48
2023-05-10,188.75,23.309999
2023-05-11,187.13,22.2
2023-05-12,186.81,22.02
2023-05-15,187.21,22.1
2023-05-16,184.87,21.809999
2023-05-17,184.23,21.82
2023-05-18,181.84,21.559999
2023-05-19,183.64,21.86
2023-05-22,183.21,21.67
2023-05-23,183.43,21.51
2023-05-24,181.95,21.16
2023-05-25,180.2,20.86
2023-05-26,180.92,21.379999
2023-05-30,182.04,21.299999
2023-05-31,182.32,21.61
2023-06-01,183.76,21.95
2023-06-02,181.05,21.69
2023-06-05,182.14,21.639999
2023-06-06,182.34,21.65
2023-06-07,180.15,21.51
2023-06-08,182.53,22.299999
2023-06-09,182.04,22.27
2023-06-12,181.88,22.08
2023-06-13,180.54,21.74
2023-06-14,180.64,21.969999
2023-06-15,181.91,21.94
2023-06-16,181.63,22.18
2023-06-20,179.75,21.26
2023-06-21,179.49,20.84
2023-06-22,177.71,20.53
2023-06-23,178.2,20.58
2023-06-26,178.51,20.9
2023-06-27,177.69,20.98
2023-06-28,177.28,20.84
2023-06-29,177.09,20.719999
2023-06-30,178.27,20.889999
2023-07-03,178.47,21.01
2023-07-05,177.84,21.209999
2023-07-06,177.31,20.83
2023-07-07,178.64,21.18
2023-07-10,178.78,21.24
2023-07-11,179.45,21.2
2023-07-12,181.88,22.15
2023-07-13,182.01,22.78
2023-07-14,181.43,22.86
2023-07-17,181.56,22.79
2023-07-18,183.64,22.99
2023-07-19,183.67,23.1
2023-07-20,182.74,22.68
2023-07-21,182.18,22.57
2023-07-24,181.4,22.33
2023-07-25,182.41,22.62
2023-07-26,183.3,22.91
2023-07-27,180.42,22.11
2023-07-28,181.86,22.32
2023-07-31,182.35,22.69
2023-08-01,180.46,22.29
2023-08-02,179.6,21.75
2023-08-03,179.54,21.63
2023-08-04,180.19,21.66
2023-08-07,179.78,21.21
2023-08-08,178.64,20.9
2023-08-09,177.79,20.8
2023-08-10,177.6,20.83
2023-08-11,177.6,20.8
2023-08-14,177.06,20.72
2023-08-15,176.59,20.67
2023-08-16,175.57,20.56
2023-08-17,175.3,20.8
2023-08-18,175.33,20.87
2023-08-21,175.81,21.36
2023-08-22,176.1,21.46
2023-08-23,177.89,22.29
2023-08-24,177.85,22.11
2023-08-25,177.62,22.22
2023-08-28,178.13,22.22
2023-08-29,179.87,22.71
2023-08-30,180.32,22.57
2023-08-31,180.02,22.39
2023-09-01,180.11,22.17
2023-09-05,178.64,21.59
2023-09-06,177.83,21.24
2023-09-07,178.02,21.05
2023-09-08,178.08,21.01
2023-09-11,178.41,21.16
2023-09-12,177.49,21.13
2023-09-13,177.08,20.93
2023-09-14,177.17,20.73
2023-09-15,178.34,21.11
2023-09-18,179.39,21.3
2023-09-19,179.22,21.27
2023-09-20,179.35,21.34
2023-09-21,178.05,21.44
2023-09-22,178.62,21.58
2023-09-25,177.7,21.2
2023-09-26,176.28,20.96
2023-09-27,174.1,20.7
2023-09-28,173.23,20.74
2023-09-29,171.45,20.34
2023-10-02,169.65,19.42
2023-10-03,169.16,19.44
2023-10-04,169.14,19.31
2023-10-05,168.83,19.25
2023-10-06,169.7,19.73
2023-10-09,172.82,20.06
2023-10-10,172.53,19.98
2023-10-11,173.79,20.18
2023-10-12,173.26,19.96
2023-10-13,178.83,20.78
2023-10-16,177.96,20.68
2023-10-17,178.29,20.92
2023-10-18,180.87,20.95
2023-10-19,183.09,21.11
2023-10-20,183.59,21.4
2023-10-23,182.97,21.05
2023-10-24,182.95,21.02
2023-10-25,183.72,20.94
2023-10-26,184.01,20.85
2023-10-27,186.15,21.18
2023-10-30,185.1,21.34
2023-10-31,184.09,20.98
2023-11-01,183.51,20.97
2023-11-02,184.12,20.87
2023-11-03,184.79,21.22
2023-11-06,183.35,21.08
2023-11-07,182.59,20.73
2023-11-08,180.77,20.65
2023-11-09,181.49,20.69
2023-11-10,179.51,20.34
2023-11-13,180.51,20.43
2023-11-14,182.12,21.17
2023-11-15,181.64,21.45
2023-11-16,183.69,21.76
2023-11-17,183.67,21.75
2023-11-20,183.37,21.48
2023-11-21,185.35,21.77
2023-11-22,184.56,21.67
2023-11-24,185.52,22.27
2023-11-27,186.77,22.56
2023-11-28,189.26,22.92
2023-11-29,189.54,22.88
2023-11-30,188.75,23.13
2023-12-01,192.01,23.33
2023-12-04,187.86,22.46
2023-12-05,187.15,22.12
2023-12-06,187.84,21.93
2023-12-07,188.15,21.79
2023-12-08,185.64,21.1
2023-12-11,183.59,20.91
2023-12-12,183.49,20.84
2023-12-13,187.63,21.77
2023-12-14,188.73,22.15
2023-12-15,187.0,21.83
2023-12-18,187.85,21.8
2023-12-19,189.13,22.03
2023-12-20,188.1,22.04
2023-12-21,189.43,22.31
2023-12-22,190.27,22.12
2023-12-26,191.72,22.2
2023-12-27,192.59,22.23
2023-12-28,191.47,21.99
2023-12-29,191.17,21.78
2024-01-02,190.72,21.65
2024-01-03,189.13,21.06
2024-01-04,189.32,21.08
2024-01-05,189.35,21.21
2024-01-08,187.87,21.13
2024-01-09,187.93,21.0
2024-01-10,187.5,20.94
2024-01-11,187.87,20.82
2024-01-12,189.71,21.19
2024-01-16,187.91,20.96
2024-01-17,185.84,20.65
2024-01-18,187.37,20.81
2024-01-19,187.93,20.67
2024-01-22,187.22,20.22
2024-01-23,187.95,20.53
2024-01-24,186.4,20.71
2024-01-25,187.14,20.94
2024-01-26,187.01,20.86
2024-01-29,188.33,21.21
2024-01-30,188.59,21.19
2024-01-31,188.45,20.91
2024-02-01,190.41,21.21
2024-02-02,188.61,20.75
2024-02-05,187.57,20.47
2024-02-06,188.55,20.51
2024-02-07,188.5,20.33
2024-02-08,188.33,20.65
2024-02-09,187.6,20.68
2024-02-12,187.11,20.76
2024-02-13,184.53,20.2
2024-02-14,184.42,20.44
2024-02-15,185.66,20.94
2024-02-16,186.34,21.39
2024-02-20,187.47,21.07
2024-02-21,187.48,20.96
2024-02-22,187.56,20.82
2024-02-23,188.62,20.99
2024-02-26,188.2,20.62
2024-02-27,188.0,20.57
2024-02-28,188.34,20.55
2024-02-29,189.31,20.73
2024-03-01,192.89,21.17
2024-03-04,196.01,21.86
2024-03-05,197.19,21.67
2024-03-06,198.81,22.1
2024-03-07,199.94,22.24
2024-03-08,201.63,22.23
2024-03-11,202.0,22.35
2024-03-12,199.79,22.09
2024-03-13,201.19,22.79
2024-03-14,200.35,22.73
2024-03-15,199.71,23.03
2024-03-18,200.03,22.91
2024-03-19,199.8,22.79
2024-03-20,202.18,23.29
2024-03-21,201.97,22.65
2024-03-22,200.35,22.56
2024-03-25,200.99,22.58
2024-03-26,201.64,22.34
2024-03-27,203.1,22.51
2024-03-28,205.72,22.75
2024-04-01,207.82,22.86
2024-04-02,210.89,23.84
2024-04-03,212.74,24.73
2024-04-04,211.52,24.49
2024-04-05,215.14,25.03
2024-04-08,216.48,25.4
2024-04-09,217.67,25.72
2024-04-10,215.61,25.45
2024-04-11,219.8,26.01
2024-04-12,216.89,25.63
2024-04-15,220.95,26.41
2024-04-16,221.22,25.8
2024-04-17,219.59,25.85
2024-04-18,220.34,25.86
2024-04-19,221.03,26.2
2024-04-22,215.57,24.93
2024-04-23,215.04,24.99
2024-04-24,214.64,24.9
2024-04-25,215.92,25.06
2024-04-26,216.62,24.89
2024-04-29,216.18,24.83
2024-04-30,211.87,24.05
2024-05-01,213.79,24.27
2024-05-02,213.13,24.36
2024-05-03,212.96,24.22
2024-05-06,215.2,25.07
2024-05-07,214.21,24.92
2024-05-08,213.58,24.95
2024-05-09,216.95,25.86
2024-05-10,218.71,25.77
2024-05-13,216.26,25.8
2024-05-14,218.09,26.13
2024-05-15,220.89,27.12
2024-05-16,220.03,27.06
2024-05-17,223.66,28.79
2024-05-20,224.56,28.98
2024-05-21,224.23,29.27
2024-05-22,220.11,28.22
2024-05-23,215.72,27.55
2024-05-24,215.92,27.74
2024-05-28,218.19,29.24
2024-05-29,216.16,29.17
2024-05-30,216.57,28.42
2024-05-31,215.3,27.76
2024-06-03,217.22,27.89
2024-06-04,215.27,27.02
2024-06-05,217.82,27.4
2024-06-06,219.43,28.53
2024-06-07,211.6,26.67
2024-06-10,213.54,27.12
2024-06-11,214.15,26.71
2024-06-12,214.72,27.03
2024-06-13,212.97,26.43
2024-06-14,215.73,27.01
2024-06-17,214.61,26.92
2024-06-18,215.47,26.96
2024-06-20,218.16,28.0
2024-06-21,214.78,26.98
2024-06-24,215.63,27.0
2024-06-25,214.56,26.4
2024-06-26,212.58,26.31
2024-06-27,214.99,26.45
2024-06-28,215.01,26.57
2024-07-01,215.57,26.85
2024-07-02,215.56,26.97
2024-07-03,217.99,27.84
2024-07-05,220.93,28.48
2024-07-08,218.19,28.13
2024-07-09,218.56,28.12
2024-07-10,219.36,28.16
2024-07-11,223.25,28.68
2024-07-12,223.11,28.12
2024-07-15,223.83,28.03
2024-07-16,228.29,28.61
2024-07-17,227.23,27.67
2024-07-18,225.78,27.2
2024-07-19,221.73,26.69
2024-07-22,221.8,26.63
2024-07-23,222.58,26.68
2024-07-24,221.8,26.43
2024-07-25,218.33,25.41
2024-07-26,220.63,25.48
2024-07-29,220.32,25.44
2024-07-30,222.52,25.83
2024-07-31,226.55,26.39
2024-08-01,225.77,26.03
2024-08-02,225.34,26.04
2024-08-05,222.48,24.86
2024-08-06,220.7,24.64
2024-08-07,220.55,24.33
2024-08-08,224.01,25.01
2024-08-09,224.56,25.0
2024-08-12,228.41,25.49
2024-08-13,228.06,25.42
2024-08-14,226.2,25.13
2024-08-15,226.91,25.86
2024-08-16,231.99,26.43
2024-08-19,231.61,26.83
2024-08-20,232.46,26.87
2024-08-21,232.15,26.95
2024-08-22,229.37,26.39
2024-08-23,232.02,27.2
2024-08-26,232.76,27.32
2024-08-27,233.39,27.36
2024-08-28,231.75,26.69
2024-08-29,232.95,26.81
2024-08-30,231.29,26.35
2024-09-03,230.29,25.58
2024-09-04,230.43,25.68
2024-09-05,232.35,26.23
2024-09-06,230.63,25.48
2024-09-09,231.6,25.85
2024-09-10,232.62,25.94
2024-09-11,232.25,26.12
2024-09-12,236.33,27.27
2024-09-13,238.68,28.02
2024-09-16,238.66,28.07
2024-09-17,237.34,27.96
2024-09-18,235.51,27.24
2024-09-19,239.17,28.09
2024-09-20,242.21,28.41
2024-09-23,242.68,27.98
2024-09-24,246.07,29.38
2024-09-25,245.73,29.06
2024-09-26,246.98,29.26
2024-09-27,245.02,28.86
2024-09-30,243.06,28.41
2024-10-01,245.61,28.58
2024-10-02,245.66,29.0
2024-10-03,245.49,29.23
2024-10-04,245.0,29.36
2024-10-07,244.17,28.93
2024-10-08,242.37,28.01
2024-10-09,241.05,27.86
2024-10-10,242.82,28.38
2024-10-11,245.47,28.8
2024-10-14,245.07,28.54
2024-10-15,245.92,28.71
2024-10-16,247.15,28.91
2024-10-17,248.63,28.89
2024-10-18,251.27,30.64
2024-10-21,251.22,30.85
2024-10-22,253.93,31.74
2024-10-23,250.87,30.71
2024-10-24,252.8,30.69
2024-10-25,253.32,30.63
2024-10-28,253.33,30.73
2024-10-29,256.09,31.39
2024-10-30,257.5,30.81
2024-10-31,253.51,29.81
2024-11-01,252.47,29.54
2024-11-04,252.83,29.63
2024-11-05,253.4,29.75
2024-11-06,245.7,28.43
2024-11-07,249.65,29.11
2024-11-08,247.96,28.48
2024-11-11,242.14,27.97
2024-11-12,240.05,28.07
2024-11-13,237.63,27.61
2024-11-14,237.01,27.81
2024-11-15,236.59,27.57
2024-11-18,241.09,28.38
2024-11-19,243.25,28.5
2024-11-20,244.62,28.1
2024-11-21,246.66,28.04
2024-11-22,249.84,28.47
2024-11-25,242.48,27.63
2024-11-26,242.95,27.8
2024-11-27,243.49,27.45
2024-11-29,245.59,27.92
2024-12-02,243.44,27.79
2024-12-03,243.93,28.28
2024-12-04,244.67,28.53
2024-12-05,242.86,28.56
2024-12-06,242.95,28.25
2024-12-09,245.36,28.98
2024-12-10,248.59,28.99
2024-12-11,250.96,29.04
2024-12-12,247.28,28.2
2024-12-13,244.29,27.75
2024-12-16,244.88,27.8
2024-12-17,243.94,27.81
2024-12-18,239.26,26.85
2024-12-19,239.6,26.52
2024-12-20,242.1,26.92
2024-12-23,240.96,26.99
2024-12-24,241.44,27.02
2024-12-26,243.07,27.14
2024-12-27,241.4,26.76
2024-12-30,240.63,26.43
2024-12-31,242.13,26.33
2025-01-02,245.42,26.93
2025-01-03,243.49,26.98
2025-01-06,243.19,27.24
2025-01-07,244.56,27.33
2025-01-08,245.86,27.4
2025-01-10,248.21,27.61
2025-01-13,245.74,26.96
2025-01-14,247.03,27.2
2025-01-15,248.88,27.96
2025-01-16,250.6,28.04
2025-01-17,249.27,27.61
2025-01-21,253.13,28.04
2025-01-22,254.43,28.05
2025-01-23,254.07,27.77
2025-01-24,255.65,27.91
2025-01-27,252.99,27.46
2025-01-28,255.18,27.63
2025-01-29,254.2,28.0
2025-01-30,258.05,28.72
2025-01-31,258.56,28.51
2025-02-03,259.94,28.67
2025-02-04,262.5,29.22
2025-02-05,264.13,29.35
2025-02-06,263.43,29.38
2025-02-07,263.9,29.03
2025-02-10,268.37,29.2
2025-02-11,267.39,29.0
2025-02-12,267.67,29.34
2025-02-13,270.31,29.46
2025-02-14,266.29,29.31
2025-02-18,270.7,29.91
2025-02-19,270.85,29.81
2025-02-20,270.99,29.95
2025-02-21,270.74,29.59
2025-02-24,272.21,29.44
2025-02-25,268.62,28.83
2025-02-26,269.03,28.94
2025-02-27,264.93,28.4
2025-02-28,263.27,28.31
2025-03-03,266.74,28.75
2025-03-04,269.06,29.0
2025-03-05,269.62,29.77
2025-03-06,268.25,29.69
2025-03-07,268.39,29.59
2025-03-10,266.04,29.11
2025-03-11,269.16,29.96
2025-03-12,270.33,30.22
2025-03-13,275.13,30.74
2025-03-14,275.24,30.71
2025-03-17,276.73,30.81
2025-03-18,279.96,30.85
2025-03-19,281.11,30.75
2025-03-20,280.75,30.5
2025-03-21,278.49,30.02
2025-03-24,277.25,29.96
2025-03-25,278.47,30.58
2025-03-26,278.24,30.53
2025-03-27,281.97,31.32
2025-03-28,284.06,31.0
2025-03-31,288.14,30.99
2025-04-01,287.57,30.63
2025-04-02,288.16,30.76
2025-04-03,286.42,28.89
2025-04-04,279.72,27.08
2025-04-07,273.71,27.14
2025-04-08,275.2,27.14
2025-04-09,285.38,28.06
2025-04-10,292.35,28.28
2025-04-11,297.93,29.19
2025-04-14,296.23,29.38
2025-04-15,297.78,29.41
2025-04-16,307.47,29.76
2025-04-17,306.12,29.55
2025-04-21,315.59,29.79
2025-04-22,311.11,29.5
2025-04-23,303.65,30.56
2025-04-24,308.07,30.56
2025-04-25,304.73,30.05
2025-04-28,309.07,30.19
2025-04-29,306.06,29.83
2025-04-30,303.77,29.6
2025-05-01,297.46,29.39
2025-05-02,297.98,29.12
2025-05-05,306.88,29.48
2025-05-06,315.48,30.22
2025-05-07,310.75,29.49
2025-05-08,304.63,29.46
2025-05-09,306.84,29.8
2025-05-12,298.19,29.63
2025-05-13,299.46,29.93
2025-05-14,293.16,29.25
2025-05-15,297.84,29.61
2025-05-16,294.24,29.3
2025-05-19,298.03,29.42
2025-05-20,303.58,30.13
2025-05-21,305.82,30.51
2025-05-22,303.11,30.03
2025-05-23,309.75,30.45
2025-05-27,304.5,30.23
2025-05-28,303.81,29.98
2025-05-29,305.61,30.3
2025-05-30,303.6,30.0
2025-06-02,311.67,31.59
2025-06-03,308.91,31.44
2025-06-04,310.9,31.34
2025-06-05,309.33,32.45
2025-06-06,305.18,32.69
2025-06-09,306.62,33.39
2025-06-10,306.71,33.23
2025-06-11,308.37,32.95
2025-06-12,312.2,33.06
2025-06-13,316.29,32.97
2025-06-16,311.78,33.03
2025-06-17,311.94,33.74
2025-06-18,310.26,33.27
2025-06-20,310.13,32.72
2025-06-23,311.08,32.96
2025-06-24,306.19,32.61
2025-06-25,307.12,33.01
2025-06-26,306.78,33.34
2025-06-27,301.22,32.62
2025-06-30,304.83,32.81
2025-07-01,307.55,32.73
2025-07-02,309.25,33.24
2025-07-03,307.14,33.51
2025-07-07,307.37,33.43
2025-07-08,304.16,33.29
2025-07-09,305.52,33.0
2025-07-10,306.2,33.75
2025-07-11,309.14,35.03
2025-07-14,308.01,34.63
2025-07-15,306.73,34.26
2025-07-16,308.26,34.41
2025-07-17,307.59,34.65
2025-07-18,308.39,34.61
2025-07-21,313.13,35.35
2025-07-22,316.1,35.72
2025-07-23,312.18,35.69
2025-07-24,310.27,35.49
2025-07-25,307.4,34.66
2025-07-28,305.41,34.64
2025-07-29,306.25,34.66
2025-07-30,300.96,33.51
2025-07-31,302.96,33.32
